Copyright 1986-2022 Xilinx, Inc. All Rights Reserved. Copyright 2022-2026 Advanced Micro Devices, Inc. All Rights Reserved.
------------------------------------------------------------------------------------------------------------------------------------------------------------------------------------------------------------------------------------------------------
| Tool Version : Vivado v.2026.1 (win64) Build 6511674 Tue Jun 16 11:02:23 MDT 2026
| Date         : Sat Aug 22 16:38:45 2026
| Host         : Unnathi running 64-bit major release  (build 9200)
| Command      : report_timing_summary -max_paths 10 -routable_nets -report_unconstrained -file basys3_ai_demo_timing_summary_routed.rpt -pb basys3_ai_demo_timing_summary_routed.pb -rpx basys3_ai_demo_timing_summary_routed.rpx -warn_on_violation
| Design       : basys3_ai_demo
| Device       : 7a35t-cpg236
| Speed File   : -1  PRODUCTION 1.23 2018-06-13
| Design State : Routed
------------------------------------------------------------------------------------------------------------------------------------------------------------------------------------------------------------------------------------------------------

Timing Summary Report

------------------------------------------------------------------------------------------------
| Timer Settings
| --------------
------------------------------------------------------------------------------------------------

  Enable Multi Corner Analysis               :  Yes
  Enable Pessimism Removal                   :  Yes
  Pessimism Removal Resolution               :  Nearest Common Node
  Enable Input Delay Default Clock           :  No
  Enable Preset / Clear Arcs                 :  No
  Disable Flight Delays                      :  No
  Ignore I/O Paths                           :  No
  Timing Early Launch at Borrowing Latches   :  No
  Borrow Time for Max Delay Exceptions       :  Yes
  Merge Timing Exceptions                    :  Yes
  Inter-SLR Compensation                     :  Conservative

  Corner  Analyze    Analyze    
  Name    Max Paths  Min Paths  
  ------  ---------  ---------  
  Slow    Yes        Yes        
  Fast    Yes        Yes        


------------------------------------------------------------------------------------------------
| Report Methodology
| ------------------
------------------------------------------------------------------------------------------------

Rule       Severity  Description                    Violations  
---------  --------  -----------------------------  ----------  
TIMING-18  Warning   Missing input or output delay  5           

Note: This report is based on the most recent report_methodology run and may not be up-to-date. Run report_methodology on the current design for the latest report.



check_timing report

Table of Contents
-----------------
1. checking no_clock (0)
2. checking constant_clock (0)
3. checking pulse_width_clock (0)
4. checking unconstrained_internal_endpoints (0)
5. checking no_input_delay (1)
6. checking no_output_delay (3)
7. checking multiple_clock (0)
8. checking generated_clocks (0)
9. checking loops (0)
10. checking partial_input_delay (0)
11. checking partial_output_delay (0)
12. checking latch_loops (0)

1. checking no_clock (0)
------------------------
 There are 0 register/latch pins with no clock.


2. checking constant_clock (0)
------------------------------
 There are 0 register/latch pins with constant_clock.


3. checking pulse_width_clock (0)
---------------------------------
 There are 0 register/latch pins which need pulse_width check


4. checking unconstrained_internal_endpoints (0)
------------------------------------------------
 There are 0 pins that are not constrained for maximum delay.

 There are 0 pins that are not constrained for maximum delay due to constant clock.


5. checking no_input_delay (1)
------------------------------
 There is 1 input port with no input delay specified. (HIGH)

 There are 0 input ports with no input delay but user has a false path constraint.


6. checking no_output_delay (3)
-------------------------------
 There are 3 ports with no output delay specified. (HIGH)

 There are 0 ports with no output delay but user has a false path constraint

 There are 0 ports with no output delay but with a timing clock defined on it or propagating through it


7. checking multiple_clock (0)
------------------------------
 There are 0 register/latch pins with multiple clocks.


8. checking generated_clocks (0)
--------------------------------
 There are 0 generated clocks that are not connected to a clock source.


9. checking loops (0)
---------------------
 There are 0 combinational loops in the design.


10. checking partial_input_delay (0)
------------------------------------
 There are 0 input ports with partial input delay specified.


11. checking partial_output_delay (0)
-------------------------------------
 There are 0 ports with partial output delay specified.


12. checking latch_loops (0)
----------------------------
 There are 0 combinational latch loops in the design through latch input



------------------------------------------------------------------------------------------------
| Design Timing Summary
| ---------------------
------------------------------------------------------------------------------------------------

    WNS(ns)      TNS(ns)  TNS Failing Endpoints  TNS Total Endpoints      WHS(ns)      THS(ns)  THS Failing Endpoints  THS Total Endpoints     WPWS(ns)     TPWS(ns)  TPWS Failing Endpoints  TPWS Total Endpoints  
    -------      -------  ---------------------  -------------------      -------      -------  ---------------------  -------------------     --------     --------  ----------------------  --------------------  
      0.168        0.000                      0                21413        0.044        0.000                      0                21413        4.500        0.000                       0                 10887  


All user specified timing constraints are met.


------------------------------------------------------------------------------------------------
| Clock Summary
| -------------
------------------------------------------------------------------------------------------------

Clock        Waveform(ns)       Period(ns)      Frequency(MHz)
-----        ------------       ----------      --------------
sys_clk_pin  {0.000 5.000}      10.000          100.000         


------------------------------------------------------------------------------------------------
| Intra Clock Table
| -----------------
------------------------------------------------------------------------------------------------

Clock             WNS(ns)      TNS(ns)  TNS Failing Endpoints  TNS Total Endpoints      WHS(ns)      THS(ns)  THS Failing Endpoints  THS Total Endpoints     WPWS(ns)     TPWS(ns)  TPWS Failing Endpoints  TPWS Total Endpoints  
-----             -------      -------  ---------------------  -------------------      -------      -------  ---------------------  -------------------     --------     --------  ----------------------  --------------------  
sys_clk_pin         0.168        0.000                      0                21413        0.044        0.000                      0                21413        4.500        0.000                       0                 10887  


------------------------------------------------------------------------------------------------
| Inter Clock Table
| -----------------
------------------------------------------------------------------------------------------------

From Clock    To Clock          WNS(ns)      TNS(ns)  TNS Failing Endpoints  TNS Total Endpoints      WHS(ns)      THS(ns)  THS Failing Endpoints  THS Total Endpoints  
----------    --------          -------      -------  ---------------------  -------------------      -------      -------  ---------------------  -------------------  


------------------------------------------------------------------------------------------------
| Other Path Groups Table
| -----------------------
------------------------------------------------------------------------------------------------

Path Group    From Clock    To Clock          WNS(ns)      TNS(ns)  TNS Failing Endpoints  TNS Total Endpoints      WHS(ns)      THS(ns)  THS Failing Endpoints  THS Total Endpoints  
----------    ----------    --------          -------      -------  ---------------------  -------------------      -------      -------  ---------------------  -------------------  


------------------------------------------------------------------------------------------------
| User Ignored Path Table
| -----------------------
------------------------------------------------------------------------------------------------

Path Group    From Clock    To Clock    
----------    ----------    --------    


------------------------------------------------------------------------------------------------
| Unconstrained Path Table
| ------------------------
------------------------------------------------------------------------------------------------

Path Group    From Clock    To Clock    
----------    ----------    --------    
(none)                                    
(none)        sys_clk_pin                 
(none)                      sys_clk_pin   


------------------------------------------------------------------------------------------------
| Timing Details
| --------------
------------------------------------------------------------------------------------------------


---------------------------------------------------------------------------------------------------
From Clock:  sys_clk_pin
  To Clock:  sys_clk_pin

Setup :            0  Failing Endpoints,  Worst Slack        0.168ns,  Total Violation        0.000ns
Hold  :            0  Failing Endpoints,  Worst Slack        0.044ns,  Total Violation        0.000ns
PW    :            0  Failing Endpoints,  Worst Slack        4.500ns,  Total Violation        0.000ns
---------------------------------------------------------------------------------------------------


Max Delay Paths
--------------------------------------------------------------------------------------
Slack (MET) :             0.168ns  (required time - arrival time)
  Source:                 SOC/AI_BUS/ACCELERATOR/COMPUTE_ENGINE/STREAM_CONTROLLER/cycle_reg[1]/C
                            (rising edge-triggered cell FDCE clocked by sys_clk_pin  {rise@0.000ns fall@5.000ns period=10.000ns})
  Destination:            SOC/AI_BUS/ACCELERATOR/COMPUTE_ENGINE/SYSTOLIC_ARRAY/PE03/accumulator_reg[29]/D
                            (rising edge-triggered cell FDCE clocked by sys_clk_pin  {rise@0.000ns fall@5.000ns period=10.000ns})
  Path Group:             sys_clk_pin
  Path Type:              Setup (Max at Slow Process Corner)
  Requirement:            10.000ns  (sys_clk_pin rise@10.000ns - sys_clk_pin rise@0.000ns)
  Data Path Delay:        9.808ns  (logic 4.288ns (43.720%)  route 5.520ns (56.280%))
  Logic Levels:           15  (CARRY4=8 LUT2=1 LUT3=1 LUT4=1 LUT6=4)
  Clock Path Skew:        -0.051ns (DCD - SCD + CPR)
    Destination Clock Delay (DCD):    4.775ns = ( 14.775 - 10.000 ) 
    Source Clock Delay      (SCD):    5.086ns
    Clock Pessimism Removal (CPR):    0.260ns
  Clock Uncertainty:      0.035ns  ((TSJ^2 + TIJ^2)^1/2 + DJ) / 2 + PE
    Total System Jitter     (TSJ):    0.071ns
    Total Input Jitter      (TIJ):    0.000ns
    Discrete Jitter          (DJ):    0.000ns
    Phase Error              (PE):    0.000ns

    Location             Delay type                Incr(ns)  Path(ns)    Netlist Resource(s)
  -------------------------------------------------------------------    -------------------
                         (clock sys_clk_pin rise edge)
                                                      0.000     0.000 r  <hidden>
    W5                                                0.000     0.000 r  clk
                         net (fo=0)                   0.000     0.000    clk
    W5                   IBUF (Prop_ibuf_I_O)         1.458     1.458 r  clk_IBUF_inst/O
                         net (fo=1, routed)           1.967     3.425    clk_IBUF
    BUFGCTRL_X0Y0        BUFG (Prop_bufg_I_O)         0.096     3.521 r  clk_IBUF_BUFG_inst/O
                         net (fo=10886, routed)       1.565     5.086    SOC/AI_BUS/ACCELERATOR/COMPUTE_ENGINE/STREAM_CONTROLLER/clk_IBUF_BUFG
    SLICE_X12Y12         FDCE                                         r  SOC/AI_BUS/ACCELERATOR/COMPUTE_ENGINE/STREAM_CONTROLLER/cycle_reg[1]/C
  -------------------------------------------------------------------    -------------------
    SLICE_X12Y12         FDCE (Prop_fdce_C_Q)         0.518     5.604 r  SOC/AI_BUS/ACCELERATOR/COMPUTE_ENGINE/STREAM_CONTROLLER/cycle_reg[1]/Q
                         net (fo=104, routed)         1.187     6.791    SOC/AI_BUS/ACCELERATOR/COMPUTE_ENGINE/STREAM_CONTROLLER/cycle_reg_n_0_[1]
    SLICE_X11Y12         LUT6 (Prop_lut6_I1_O)        0.124     6.915 f  SOC/AI_BUS/ACCELERATOR/COMPUTE_ENGINE/STREAM_CONTROLLER/b_out[0]_i_2/O
                         net (fo=1, routed)           0.618     7.533    SOC/AI_BUS/ACCELERATOR/COMPUTE_ENGINE/STREAM_CONTROLLER/b_out[0]_i_2_n_0
    SLICE_X10Y18         LUT6 (Prop_lut6_I1_O)        0.124     7.657 r  SOC/AI_BUS/ACCELERATOR/COMPUTE_ENGINE/STREAM_CONTROLLER/b_out[0]_i_1/O
                         net (fo=17, routed)          1.008     8.665    SOC/AI_BUS/ACCELERATOR/COMPUTE_ENGINE/STREAM_CONTROLLER/FSM_sequential_state_reg[1]_15
    SLICE_X10Y18         LUT6 (Prop_lut6_I0_O)        0.124     8.789 r  SOC/AI_BUS/ACCELERATOR/COMPUTE_ENGINE/STREAM_CONTROLLER/accumulator1__0_carry__0_i_4__0/O
                         net (fo=2, routed)           0.603     9.392    SOC/AI_BUS/ACCELERATOR/COMPUTE_ENGINE/STREAM_CONTROLLER/a_out_reg[6]_1[0]
    SLICE_X10Y20         LUT6 (Prop_lut6_I0_O)        0.124     9.516 r  SOC/AI_BUS/ACCELERATOR/COMPUTE_ENGINE/STREAM_CONTROLLER/accumulator1__0_carry__0_i_8__2/O
                         net (fo=1, routed)           0.000     9.516    SOC/AI_BUS/ACCELERATOR/COMPUTE_ENGINE/SYSTOLIC_ARRAY/PE03/accumulator1__86_carry_i_8__2_1[0]
    SLICE_X10Y20         CARRY4 (Prop_carry4_S[0]_O[3])
                                                      0.608    10.124 r  SOC/AI_BUS/ACCELERATOR/COMPUTE_ENGINE/SYSTOLIC_ARRAY/PE03/accumulator1__0_carry__0/O[3]
                         net (fo=2, routed)           0.759    10.883    SOC/AI_BUS/ACCELERATOR/COMPUTE_ENGINE/SYSTOLIC_ARRAY/PE03/accumulator1__0_carry__0_n_4
    SLICE_X14Y20         LUT3 (Prop_lut3_I0_O)        0.307    11.190 r  SOC/AI_BUS/ACCELERATOR/COMPUTE_ENGINE/SYSTOLIC_ARRAY/PE03/accumulator1__86_carry__0_i_4__2/O
                         net (fo=2, routed)           0.611    11.802    SOC/AI_BUS/ACCELERATOR/COMPUTE_ENGINE/SYSTOLIC_ARRAY/PE03/accumulator1__86_carry__0_i_4__2_n_0
    SLICE_X12Y21         LUT4 (Prop_lut4_I3_O)        0.124    11.926 r  SOC/AI_BUS/ACCELERATOR/COMPUTE_ENGINE/SYSTOLIC_ARRAY/PE03/accumulator1__86_carry__0_i_8__2/O
                         net (fo=1, routed)           0.000    11.926    SOC/AI_BUS/ACCELERATOR/COMPUTE_ENGINE/SYSTOLIC_ARRAY/PE03/accumulator1__86_carry__0_i_8__2_n_0
    SLICE_X12Y21         CARRY4 (Prop_carry4_S[0]_CO[3])
                                                      0.513    12.439 r  SOC/AI_BUS/ACCELERATOR/COMPUTE_ENGINE/SYSTOLIC_ARRAY/PE03/accumulator1__86_carry__0/CO[3]
                         net (fo=1, routed)           0.000    12.439    SOC/AI_BUS/ACCELERATOR/COMPUTE_ENGINE/SYSTOLIC_ARRAY/PE03/accumulator1__86_carry__0_n_0
    SLICE_X12Y22         CARRY4 (Prop_carry4_CI_O[0])
                                                      0.219    12.658 r  SOC/AI_BUS/ACCELERATOR/COMPUTE_ENGINE/SYSTOLIC_ARRAY/PE03/accumulator1__86_carry__1/O[0]
                         net (fo=2, routed)           0.724    13.382    SOC/AI_BUS/ACCELERATOR/COMPUTE_ENGINE/STREAM_CONTROLLER/accumulator_reg[15]_8[0]
    SLICE_X11Y21         LUT2 (Prop_lut2_I0_O)        0.295    13.677 r  SOC/AI_BUS/ACCELERATOR/COMPUTE_ENGINE/STREAM_CONTROLLER/accumulator[12]_i_5__2/O
                         net (fo=1, routed)           0.000    13.677    SOC/AI_BUS/ACCELERATOR/COMPUTE_ENGINE/STREAM_CONTROLLER/accumulator[12]_i_5__2_n_0
    SLICE_X11Y21         CARRY4 (Prop_carry4_S[0]_CO[3])
                                                      0.532    14.209 r  SOC/AI_BUS/ACCELERATOR/COMPUTE_ENGINE/STREAM_CONTROLLER/accumulator_reg[12]_i_1__2/CO[3]
                         net (fo=1, routed)           0.000    14.209    SOC/AI_BUS/ACCELERATOR/COMPUTE_ENGINE/STREAM_CONTROLLER/accumulator_reg[12]_i_1__2_n_0
    SLICE_X11Y22         CARRY4 (Prop_carry4_CI_CO[3])
                                                      0.114    14.323 r  SOC/AI_BUS/ACCELERATOR/COMPUTE_ENGINE/STREAM_CONTROLLER/accumulator_reg[16]_i_1__2/CO[3]
                         net (fo=1, routed)           0.000    14.323    SOC/AI_BUS/ACCELERATOR/COMPUTE_ENGINE/STREAM_CONTROLLER/accumulator_reg[16]_i_1__2_n_0
    SLICE_X11Y23         CARRY4 (Prop_carry4_CI_CO[3])
                                                      0.114    14.437 r  SOC/AI_BUS/ACCELERATOR/COMPUTE_ENGINE/STREAM_CONTROLLER/accumulator_reg[20]_i_1__2/CO[3]
                         net (fo=1, routed)           0.000    14.437    SOC/AI_BUS/ACCELERATOR/COMPUTE_ENGINE/STREAM_CONTROLLER/accumulator_reg[20]_i_1__2_n_0
    SLICE_X11Y24         CARRY4 (Prop_carry4_CI_CO[3])
                                                      0.114    14.551 r  SOC/AI_BUS/ACCELERATOR/COMPUTE_ENGINE/STREAM_CONTROLLER/accumulator_reg[24]_i_1__2/CO[3]
                         net (fo=1, routed)           0.009    14.560    SOC/AI_BUS/ACCELERATOR/COMPUTE_ENGINE/STREAM_CONTROLLER/accumulator_reg[24]_i_1__2_n_0
    SLICE_X11Y25         CARRY4 (Prop_carry4_CI_O[1])
                                                      0.334    14.894 r  SOC/AI_BUS/ACCELERATOR/COMPUTE_ENGINE/STREAM_CONTROLLER/accumulator_reg[28]_i_1__2/O[1]
                         net (fo=1, routed)           0.000    14.894    SOC/AI_BUS/ACCELERATOR/COMPUTE_ENGINE/SYSTOLIC_ARRAY/PE03/accumulator_reg[31]_3[1]
    SLICE_X11Y25         FDCE                                         r  SOC/AI_BUS/ACCELERATOR/COMPUTE_ENGINE/SYSTOLIC_ARRAY/PE03/accumulator_reg[29]/D
  -------------------------------------------------------------------    -------------------

                         (clock sys_clk_pin rise edge)
                                                     10.000    10.000 r  <hidden>
    W5                                                0.000    10.000 r  clk
                         net (fo=0)                   0.000    10.000    clk
    W5                   IBUF (Prop_ibuf_I_O)         1.388    11.388 r  clk_IBUF_inst/O
                         net (fo=1, routed)           1.862    13.250    clk_IBUF
    BUFGCTRL_X0Y0        BUFG (Prop_bufg_I_O)         0.091    13.341 r  clk_IBUF_BUFG_inst/O
                         net (fo=10886, routed)       1.434    14.775    SOC/AI_BUS/ACCELERATOR/COMPUTE_ENGINE/SYSTOLIC_ARRAY/PE03/clk_IBUF_BUFG
    SLICE_X11Y25         FDCE                                         r  SOC/AI_BUS/ACCELERATOR/COMPUTE_ENGINE/SYSTOLIC_ARRAY/PE03/accumulator_reg[29]/C
                         clock pessimism              0.260    15.035    <hidden>
                         clock uncertainty           -0.035    15.000    <hidden>
    SLICE_X11Y25         FDCE (Setup_fdce_C_D)        0.062    15.062    SOC/AI_BUS/ACCELERATOR/COMPUTE_ENGINE/SYSTOLIC_ARRAY/PE03/accumulator_reg[29]
  -------------------------------------------------------------------
                         required time                         15.062    <hidden>
                         arrival time                         -14.894    <hidden>
  -------------------------------------------------------------------
                         slack                                  0.168    <hidden>

Slack (MET) :             0.181ns  (required time - arrival time)
  Source:                 SOC/AI_BUS/ACCELERATOR/COMPUTE_ENGINE/STREAM_CONTROLLER/cycle_reg[1]/C
                            (rising edge-triggered cell FDCE clocked by sys_clk_pin  {rise@0.000ns fall@5.000ns period=10.000ns})
  Destination:            SOC/AI_BUS/ACCELERATOR/COMPUTE_ENGINE/SYSTOLIC_ARRAY/PE00/accumulator_reg[29]/D
                            (rising edge-triggered cell FDCE clocked by sys_clk_pin  {rise@0.000ns fall@5.000ns period=10.000ns})
  Path Group:             sys_clk_pin
  Path Type:              Setup (Max at Slow Process Corner)
  Requirement:            10.000ns  (sys_clk_pin rise@10.000ns - sys_clk_pin rise@0.000ns)
  Data Path Delay:        9.866ns  (logic 4.297ns (43.555%)  route 5.569ns (56.445%))
  Logic Levels:           14  (CARRY4=9 LUT2=1 LUT3=1 LUT5=1 LUT6=2)
  Clock Path Skew:        0.020ns (DCD - SCD + CPR)
    Destination Clock Delay (DCD):    4.846ns = ( 14.846 - 10.000 ) 
    Source Clock Delay      (SCD):    5.086ns
    Clock Pessimism Removal (CPR):    0.260ns
  Clock Uncertainty:      0.035ns  ((TSJ^2 + TIJ^2)^1/2 + DJ) / 2 + PE
    Total System Jitter     (TSJ):    0.071ns
    Total Input Jitter      (TIJ):    0.000ns
    Discrete Jitter          (DJ):    0.000ns
    Phase Error              (PE):    0.000ns

    Location             Delay type                Incr(ns)  Path(ns)    Netlist Resource(s)
  -------------------------------------------------------------------    -------------------
                         (clock sys_clk_pin rise edge)
                                                      0.000     0.000 r  <hidden>
    W5                                                0.000     0.000 r  clk
                         net (fo=0)                   0.000     0.000    clk
    W5                   IBUF (Prop_ibuf_I_O)         1.458     1.458 r  clk_IBUF_inst/O
                         net (fo=1, routed)           1.967     3.425    clk_IBUF
    BUFGCTRL_X0Y0        BUFG (Prop_bufg_I_O)         0.096     3.521 r  clk_IBUF_BUFG_inst/O
                         net (fo=10886, routed)       1.565     5.086    SOC/AI_BUS/ACCELERATOR/COMPUTE_ENGINE/STREAM_CONTROLLER/clk_IBUF_BUFG
    SLICE_X12Y12         FDCE                                         r  SOC/AI_BUS/ACCELERATOR/COMPUTE_ENGINE/STREAM_CONTROLLER/cycle_reg[1]/C
  -------------------------------------------------------------------    -------------------
    SLICE_X12Y12         FDCE (Prop_fdce_C_Q)         0.518     5.604 r  SOC/AI_BUS/ACCELERATOR/COMPUTE_ENGINE/STREAM_CONTROLLER/cycle_reg[1]/Q
                         net (fo=104, routed)         1.362     6.967    SOC/AI_BUS/ACCELERATOR/COMPUTE_ENGINE/STREAM_CONTROLLER/cycle_reg_n_0_[1]
    SLICE_X6Y11          LUT6 (Prop_lut6_I3_O)        0.124     7.091 r  SOC/AI_BUS/ACCELERATOR/COMPUTE_ENGINE/STREAM_CONTROLLER/b_out[0]_i_2__0/O
                         net (fo=1, routed)           0.455     7.545    SOC/AI_BUS/ACCELERATOR/COMPUTE_ENGINE/STREAM_CONTROLLER/b_out[0]_i_2__0_n_0
    SLICE_X6Y13          LUT5 (Prop_lut5_I4_O)        0.124     7.669 r  SOC/AI_BUS/ACCELERATOR/COMPUTE_ENGINE/STREAM_CONTROLLER/b_out[0]_i_1__1/O
                         net (fo=17, routed)          1.071     8.740    SOC/AI_BUS/ACCELERATOR/COMPUTE_ENGINE/STREAM_CONTROLLER/B[0]
    SLICE_X4Y13          LUT6 (Prop_lut6_I0_O)        0.124     8.864 r  SOC/AI_BUS/ACCELERATOR/COMPUTE_ENGINE/STREAM_CONTROLLER/accumulator1__0_carry_i_1/O
                         net (fo=1, routed)           0.758     9.622    SOC/AI_BUS/ACCELERATOR/COMPUTE_ENGINE/SYSTOLIC_ARRAY/PE00/accumulator_reg[3]_0[2]
    SLICE_X2Y13          CARRY4 (Prop_carry4_DI[3]_CO[3])
                                                      0.396    10.018 r  SOC/AI_BUS/ACCELERATOR/COMPUTE_ENGINE/SYSTOLIC_ARRAY/PE00/accumulator1__0_carry/CO[3]
                         net (fo=1, routed)           0.000    10.018    SOC/AI_BUS/ACCELERATOR/COMPUTE_ENGINE/SYSTOLIC_ARRAY/PE00/accumulator1__0_carry_n_0
    SLICE_X2Y14          CARRY4 (Prop_carry4_CI_O[3])
                                                      0.315    10.333 r  SOC/AI_BUS/ACCELERATOR/COMPUTE_ENGINE/SYSTOLIC_ARRAY/PE00/accumulator1__0_carry__0/O[3]
                         net (fo=2, routed)           0.772    11.106    SOC/AI_BUS/ACCELERATOR/COMPUTE_ENGINE/SYSTOLIC_ARRAY/PE00/accumulator1__0_carry__0_n_4
    SLICE_X2Y17          LUT3 (Prop_lut3_I0_O)        0.307    11.413 r  SOC/AI_BUS/ACCELERATOR/COMPUTE_ENGINE/SYSTOLIC_ARRAY/PE00/accumulator1__86_carry__0_i_4/O
                         net (fo=2, routed)           0.646    12.059    SOC/AI_BUS/ACCELERATOR/COMPUTE_ENGINE/SYSTOLIC_ARRAY/PE00/accumulator1__86_carry__0_i_4_n_0
    SLICE_X1Y18          CARRY4 (Prop_carry4_DI[0]_CO[3])
                                                      0.526    12.585 r  SOC/AI_BUS/ACCELERATOR/COMPUTE_ENGINE/SYSTOLIC_ARRAY/PE00/accumulator1__86_carry__0/CO[3]
                         net (fo=1, routed)           0.000    12.585    SOC/AI_BUS/ACCELERATOR/COMPUTE_ENGINE/SYSTOLIC_ARRAY/PE00/accumulator1__86_carry__0_n_0
    SLICE_X1Y19          CARRY4 (Prop_carry4_CI_O[1])
                                                      0.334    12.919 r  SOC/AI_BUS/ACCELERATOR/COMPUTE_ENGINE/SYSTOLIC_ARRAY/PE00/accumulator1__86_carry__1/O[1]
                         net (fo=2, routed)           0.504    13.423    SOC/AI_BUS/ACCELERATOR/COMPUTE_ENGINE/STREAM_CONTROLLER/accumulator_reg[15]_2[1]
    SLICE_X0Y18          LUT2 (Prop_lut2_I0_O)        0.303    13.726 r  SOC/AI_BUS/ACCELERATOR/COMPUTE_ENGINE/STREAM_CONTROLLER/accumulator[12]_i_4/O
                         net (fo=1, routed)           0.000    13.726    SOC/AI_BUS/ACCELERATOR/COMPUTE_ENGINE/STREAM_CONTROLLER/accumulator[12]_i_4_n_0
    SLICE_X0Y18          CARRY4 (Prop_carry4_S[1]_CO[3])
                                                      0.550    14.276 r  SOC/AI_BUS/ACCELERATOR/COMPUTE_ENGINE/STREAM_CONTROLLER/accumulator_reg[12]_i_1/CO[3]
                         net (fo=1, routed)           0.000    14.276    SOC/AI_BUS/ACCELERATOR/COMPUTE_ENGINE/STREAM_CONTROLLER/accumulator_reg[12]_i_1_n_0
    SLICE_X0Y19          CARRY4 (Prop_carry4_CI_CO[3])
                                                      0.114    14.390 r  SOC/AI_BUS/ACCELERATOR/COMPUTE_ENGINE/STREAM_CONTROLLER/accumulator_reg[16]_i_1/CO[3]
                         net (fo=1, routed)           0.000    14.390    SOC/AI_BUS/ACCELERATOR/COMPUTE_ENGINE/STREAM_CONTROLLER/accumulator_reg[16]_i_1_n_0
    SLICE_X0Y20          CARRY4 (Prop_carry4_CI_CO[3])
                                                      0.114    14.504 r  SOC/AI_BUS/ACCELERATOR/COMPUTE_ENGINE/STREAM_CONTROLLER/accumulator_reg[20]_i_1/CO[3]
                         net (fo=1, routed)           0.000    14.504    SOC/AI_BUS/ACCELERATOR/COMPUTE_ENGINE/STREAM_CONTROLLER/accumulator_reg[20]_i_1_n_0
    SLICE_X0Y21          CARRY4 (Prop_carry4_CI_CO[3])
                                                      0.114    14.618 r  SOC/AI_BUS/ACCELERATOR/COMPUTE_ENGINE/STREAM_CONTROLLER/accumulator_reg[24]_i_1/CO[3]
                         net (fo=1, routed)           0.000    14.618    SOC/AI_BUS/ACCELERATOR/COMPUTE_ENGINE/STREAM_CONTROLLER/accumulator_reg[24]_i_1_n_0
    SLICE_X0Y22          CARRY4 (Prop_carry4_CI_O[1])
                                                      0.334    14.952 r  SOC/AI_BUS/ACCELERATOR/COMPUTE_ENGINE/STREAM_CONTROLLER/accumulator_reg[28]_i_1/O[1]
                         net (fo=1, routed)           0.000    14.952    SOC/AI_BUS/ACCELERATOR/COMPUTE_ENGINE/SYSTOLIC_ARRAY/PE00/accumulator_reg[31]_2[1]
    SLICE_X0Y22          FDCE                                         r  SOC/AI_BUS/ACCELERATOR/COMPUTE_ENGINE/SYSTOLIC_ARRAY/PE00/accumulator_reg[29]/D
  -------------------------------------------------------------------    -------------------

                         (clock sys_clk_pin rise edge)
                                                     10.000    10.000 r  <hidden>
    W5                                                0.000    10.000 r  clk
                         net (fo=0)                   0.000    10.000    clk
    W5                   IBUF (Prop_ibuf_I_O)         1.388    11.388 r  clk_IBUF_inst/O
                         net (fo=1, routed)           1.862    13.250    clk_IBUF
    BUFGCTRL_X0Y0        BUFG (Prop_bufg_I_O)         0.091    13.341 r  clk_IBUF_BUFG_inst/O
                         net (fo=10886, routed)       1.505    14.846    SOC/AI_BUS/ACCELERATOR/COMPUTE_ENGINE/SYSTOLIC_ARRAY/PE00/clk_IBUF_BUFG
    SLICE_X0Y22          FDCE                                         r  SOC/AI_BUS/ACCELERATOR/COMPUTE_ENGINE/SYSTOLIC_ARRAY/PE00/accumulator_reg[29]/C
                         clock pessimism              0.260    15.106    <hidden>
                         clock uncertainty           -0.035    15.071    <hidden>
    SLICE_X0Y22          FDCE (Setup_fdce_C_D)        0.062    15.133    SOC/AI_BUS/ACCELERATOR/COMPUTE_ENGINE/SYSTOLIC_ARRAY/PE00/accumulator_reg[29]
  -------------------------------------------------------------------
                         required time                         15.133    <hidden>
                         arrival time                         -14.952    <hidden>
  -------------------------------------------------------------------
                         slack                                  0.181    <hidden>

Slack (MET) :             0.189ns  (required time - arrival time)
  Source:                 SOC/AI_BUS/ACCELERATOR/COMPUTE_ENGINE/STREAM_CONTROLLER/cycle_reg[1]/C
                            (rising edge-triggered cell FDCE clocked by sys_clk_pin  {rise@0.000ns fall@5.000ns period=10.000ns})
  Destination:            SOC/AI_BUS/ACCELERATOR/COMPUTE_ENGINE/SYSTOLIC_ARRAY/PE03/accumulator_reg[31]/D
                            (rising edge-triggered cell FDCE clocked by sys_clk_pin  {rise@0.000ns fall@5.000ns period=10.000ns})
  Path Group:             sys_clk_pin
  Path Type:              Setup (Max at Slow Process Corner)
  Requirement:            10.000ns  (sys_clk_pin rise@10.000ns - sys_clk_pin rise@0.000ns)
  Data Path Delay:        9.787ns  (logic 4.267ns (43.599%)  route 5.520ns (56.401%))
  Logic Levels:           15  (CARRY4=8 LUT2=1 LUT3=1 LUT4=1 LUT6=4)
  Clock Path Skew:        -0.051ns (DCD - SCD + CPR)
    Destination Clock Delay (DCD):    4.775ns = ( 14.775 - 10.000 ) 
    Source Clock Delay      (SCD):    5.086ns
    Clock Pessimism Removal (CPR):    0.260ns
  Clock Uncertainty:      0.035ns  ((TSJ^2 + TIJ^2)^1/2 + DJ) / 2 + PE
    Total System Jitter     (TSJ):    0.071ns
    Total Input Jitter      (TIJ):    0.000ns
    Discrete Jitter          (DJ):    0.000ns
    Phase Error              (PE):    0.000ns

    Location             Delay type                Incr(ns)  Path(ns)    Netlist Resource(s)
  -------------------------------------------------------------------    -------------------
                         (clock sys_clk_pin rise edge)
                                                      0.000     0.000 r  <hidden>
    W5                                                0.000     0.000 r  clk
                         net (fo=0)                   0.000     0.000    clk
    W5                   IBUF (Prop_ibuf_I_O)         1.458     1.458 r  clk_IBUF_inst/O
                         net (fo=1, routed)           1.967     3.425    clk_IBUF
    BUFGCTRL_X0Y0        BUFG (Prop_bufg_I_O)         0.096     3.521 r  clk_IBUF_BUFG_inst/O
                         net (fo=10886, routed)       1.565     5.086    SOC/AI_BUS/ACCELERATOR/COMPUTE_ENGINE/STREAM_CONTROLLER/clk_IBUF_BUFG
    SLICE_X12Y12         FDCE                                         r  SOC/AI_BUS/ACCELERATOR/COMPUTE_ENGINE/STREAM_CONTROLLER/cycle_reg[1]/C
  -------------------------------------------------------------------    -------------------
    SLICE_X12Y12         FDCE (Prop_fdce_C_Q)         0.518     5.604 r  SOC/AI_BUS/ACCELERATOR/COMPUTE_ENGINE/STREAM_CONTROLLER/cycle_reg[1]/Q
                         net (fo=104, routed)         1.187     6.791    SOC/AI_BUS/ACCELERATOR/COMPUTE_ENGINE/STREAM_CONTROLLER/cycle_reg_n_0_[1]
    SLICE_X11Y12         LUT6 (Prop_lut6_I1_O)        0.124     6.915 f  SOC/AI_BUS/ACCELERATOR/COMPUTE_ENGINE/STREAM_CONTROLLER/b_out[0]_i_2/O
                         net (fo=1, routed)           0.618     7.533    SOC/AI_BUS/ACCELERATOR/COMPUTE_ENGINE/STREAM_CONTROLLER/b_out[0]_i_2_n_0
    SLICE_X10Y18         LUT6 (Prop_lut6_I1_O)        0.124     7.657 r  SOC/AI_BUS/ACCELERATOR/COMPUTE_ENGINE/STREAM_CONTROLLER/b_out[0]_i_1/O
                         net (fo=17, routed)          1.008     8.665    SOC/AI_BUS/ACCELERATOR/COMPUTE_ENGINE/STREAM_CONTROLLER/FSM_sequential_state_reg[1]_15
    SLICE_X10Y18         LUT6 (Prop_lut6_I0_O)        0.124     8.789 r  SOC/AI_BUS/ACCELERATOR/COMPUTE_ENGINE/STREAM_CONTROLLER/accumulator1__0_carry__0_i_4__0/O
                         net (fo=2, routed)           0.603     9.392    SOC/AI_BUS/ACCELERATOR/COMPUTE_ENGINE/STREAM_CONTROLLER/a_out_reg[6]_1[0]
    SLICE_X10Y20         LUT6 (Prop_lut6_I0_O)        0.124     9.516 r  SOC/AI_BUS/ACCELERATOR/COMPUTE_ENGINE/STREAM_CONTROLLER/accumulator1__0_carry__0_i_8__2/O
                         net (fo=1, routed)           0.000     9.516    SOC/AI_BUS/ACCELERATOR/COMPUTE_ENGINE/SYSTOLIC_ARRAY/PE03/accumulator1__86_carry_i_8__2_1[0]
    SLICE_X10Y20         CARRY4 (Prop_carry4_S[0]_O[3])
                                                      0.608    10.124 r  SOC/AI_BUS/ACCELERATOR/COMPUTE_ENGINE/SYSTOLIC_ARRAY/PE03/accumulator1__0_carry__0/O[3]
                         net (fo=2, routed)           0.759    10.883    SOC/AI_BUS/ACCELERATOR/COMPUTE_ENGINE/SYSTOLIC_ARRAY/PE03/accumulator1__0_carry__0_n_4
    SLICE_X14Y20         LUT3 (Prop_lut3_I0_O)        0.307    11.190 r  SOC/AI_BUS/ACCELERATOR/COMPUTE_ENGINE/SYSTOLIC_ARRAY/PE03/accumulator1__86_carry__0_i_4__2/O
                         net (fo=2, routed)           0.611    11.802    SOC/AI_BUS/ACCELERATOR/COMPUTE_ENGINE/SYSTOLIC_ARRAY/PE03/accumulator1__86_carry__0_i_4__2_n_0
    SLICE_X12Y21         LUT4 (Prop_lut4_I3_O)        0.124    11.926 r  SOC/AI_BUS/ACCELERATOR/COMPUTE_ENGINE/SYSTOLIC_ARRAY/PE03/accumulator1__86_carry__0_i_8__2/O
                         net (fo=1, routed)           0.000    11.926    SOC/AI_BUS/ACCELERATOR/COMPUTE_ENGINE/SYSTOLIC_ARRAY/PE03/accumulator1__86_carry__0_i_8__2_n_0
    SLICE_X12Y21         CARRY4 (Prop_carry4_S[0]_CO[3])
                                                      0.513    12.439 r  SOC/AI_BUS/ACCELERATOR/COMPUTE_ENGINE/SYSTOLIC_ARRAY/PE03/accumulator1__86_carry__0/CO[3]
                         net (fo=1, routed)           0.000    12.439    SOC/AI_BUS/ACCELERATOR/COMPUTE_ENGINE/SYSTOLIC_ARRAY/PE03/accumulator1__86_carry__0_n_0
    SLICE_X12Y22         CARRY4 (Prop_carry4_CI_O[0])
                                                      0.219    12.658 r  SOC/AI_BUS/ACCELERATOR/COMPUTE_ENGINE/SYSTOLIC_ARRAY/PE03/accumulator1__86_carry__1/O[0]
                         net (fo=2, routed)           0.724    13.382    SOC/AI_BUS/ACCELERATOR/COMPUTE_ENGINE/STREAM_CONTROLLER/accumulator_reg[15]_8[0]
    SLICE_X11Y21         LUT2 (Prop_lut2_I0_O)        0.295    13.677 r  SOC/AI_BUS/ACCELERATOR/COMPUTE_ENGINE/STREAM_CONTROLLER/accumulator[12]_i_5__2/O
                         net (fo=1, routed)           0.000    13.677    SOC/AI_BUS/ACCELERATOR/COMPUTE_ENGINE/STREAM_CONTROLLER/accumulator[12]_i_5__2_n_0
    SLICE_X11Y21         CARRY4 (Prop_carry4_S[0]_CO[3])
                                                      0.532    14.209 r  SOC/AI_BUS/ACCELERATOR/COMPUTE_ENGINE/STREAM_CONTROLLER/accumulator_reg[12]_i_1__2/CO[3]
                         net (fo=1, routed)           0.000    14.209    SOC/AI_BUS/ACCELERATOR/COMPUTE_ENGINE/STREAM_CONTROLLER/accumulator_reg[12]_i_1__2_n_0
    SLICE_X11Y22         CARRY4 (Prop_carry4_CI_CO[3])
                                                      0.114    14.323 r  SOC/AI_BUS/ACCELERATOR/COMPUTE_ENGINE/STREAM_CONTROLLER/accumulator_reg[16]_i_1__2/CO[3]
                         net (fo=1, routed)           0.000    14.323    SOC/AI_BUS/ACCELERATOR/COMPUTE_ENGINE/STREAM_CONTROLLER/accumulator_reg[16]_i_1__2_n_0
    SLICE_X11Y23         CARRY4 (Prop_carry4_CI_CO[3])
                                                      0.114    14.437 r  SOC/AI_BUS/ACCELERATOR/COMPUTE_ENGINE/STREAM_CONTROLLER/accumulator_reg[20]_i_1__2/CO[3]
                         net (fo=1, routed)           0.000    14.437    SOC/AI_BUS/ACCELERATOR/COMPUTE_ENGINE/STREAM_CONTROLLER/accumulator_reg[20]_i_1__2_n_0
    SLICE_X11Y24         CARRY4 (Prop_carry4_CI_CO[3])
                                                      0.114    14.551 r  SOC/AI_BUS/ACCELERATOR/COMPUTE_ENGINE/STREAM_CONTROLLER/accumulator_reg[24]_i_1__2/CO[3]
                         net (fo=1, routed)           0.009    14.560    SOC/AI_BUS/ACCELERATOR/COMPUTE_ENGINE/STREAM_CONTROLLER/accumulator_reg[24]_i_1__2_n_0
    SLICE_X11Y25         CARRY4 (Prop_carry4_CI_O[3])
                                                      0.313    14.873 r  SOC/AI_BUS/ACCELERATOR/COMPUTE_ENGINE/STREAM_CONTROLLER/accumulator_reg[28]_i_1__2/O[3]
                         net (fo=1, routed)           0.000    14.873    SOC/AI_BUS/ACCELERATOR/COMPUTE_ENGINE/SYSTOLIC_ARRAY/PE03/accumulator_reg[31]_3[3]
    SLICE_X11Y25         FDCE                                         r  SOC/AI_BUS/ACCELERATOR/COMPUTE_ENGINE/SYSTOLIC_ARRAY/PE03/accumulator_reg[31]/D
  -------------------------------------------------------------------    -------------------

                         (clock sys_clk_pin rise edge)
                                                     10.000    10.000 r  <hidden>
    W5                                                0.000    10.000 r  clk
                         net (fo=0)                   0.000    10.000    clk
    W5                   IBUF (Prop_ibuf_I_O)         1.388    11.388 r  clk_IBUF_inst/O
                         net (fo=1, routed)           1.862    13.250    clk_IBUF
    BUFGCTRL_X0Y0        BUFG (Prop_bufg_I_O)         0.091    13.341 r  clk_IBUF_BUFG_inst/O
                         net (fo=10886, routed)       1.434    14.775    SOC/AI_BUS/ACCELERATOR/COMPUTE_ENGINE/SYSTOLIC_ARRAY/PE03/clk_IBUF_BUFG
    SLICE_X11Y25         FDCE                                         r  SOC/AI_BUS/ACCELERATOR/COMPUTE_ENGINE/SYSTOLIC_ARRAY/PE03/accumulator_reg[31]/C
                         clock pessimism              0.260    15.035    <hidden>
                         clock uncertainty           -0.035    15.000    <hidden>
    SLICE_X11Y25         FDCE (Setup_fdce_C_D)        0.062    15.062    SOC/AI_BUS/ACCELERATOR/COMPUTE_ENGINE/SYSTOLIC_ARRAY/PE03/accumulator_reg[31]
  -------------------------------------------------------------------
                         required time                         15.062    <hidden>
                         arrival time                         -14.873    <hidden>
  -------------------------------------------------------------------
                         slack                                  0.189    <hidden>

Slack (MET) :             0.202ns  (required time - arrival time)
  Source:                 SOC/AI_BUS/ACCELERATOR/COMPUTE_ENGINE/STREAM_CONTROLLER/cycle_reg[1]/C
                            (rising edge-triggered cell FDCE clocked by sys_clk_pin  {rise@0.000ns fall@5.000ns period=10.000ns})
  Destination:            SOC/AI_BUS/ACCELERATOR/COMPUTE_ENGINE/SYSTOLIC_ARRAY/PE00/accumulator_reg[31]/D
                            (rising edge-triggered cell FDCE clocked by sys_clk_pin  {rise@0.000ns fall@5.000ns period=10.000ns})
  Path Group:             sys_clk_pin
  Path Type:              Setup (Max at Slow Process Corner)
  Requirement:            10.000ns  (sys_clk_pin rise@10.000ns - sys_clk_pin rise@0.000ns)
  Data Path Delay:        9.845ns  (logic 4.276ns (43.435%)  route 5.569ns (56.565%))
  Logic Levels:           14  (CARRY4=9 LUT2=1 LUT3=1 LUT5=1 LUT6=2)
  Clock Path Skew:        0.020ns (DCD - SCD + CPR)
    Destination Clock Delay (DCD):    4.846ns = ( 14.846 - 10.000 ) 
    Source Clock Delay      (SCD):    5.086ns
    Clock Pessimism Removal (CPR):    0.260ns
  Clock Uncertainty:      0.035ns  ((TSJ^2 + TIJ^2)^1/2 + DJ) / 2 + PE
    Total System Jitter     (TSJ):    0.071ns
    Total Input Jitter      (TIJ):    0.000ns
    Discrete Jitter          (DJ):    0.000ns
    Phase Error              (PE):    0.000ns

    Location             Delay type                Incr(ns)  Path(ns)    Netlist Resource(s)
  -------------------------------------------------------------------    -------------------
                         (clock sys_clk_pin rise edge)
                                                      0.000     0.000 r  <hidden>
    W5                                                0.000     0.000 r  clk
                         net (fo=0)                   0.000     0.000    clk
    W5                   IBUF (Prop_ibuf_I_O)         1.458     1.458 r  clk_IBUF_inst/O
                         net (fo=1, routed)           1.967     3.425    clk_IBUF
    BUFGCTRL_X0Y0        BUFG (Prop_bufg_I_O)         0.096     3.521 r  clk_IBUF_BUFG_inst/O
                         net (fo=10886, routed)       1.565     5.086    SOC/AI_BUS/ACCELERATOR/COMPUTE_ENGINE/STREAM_CONTROLLER/clk_IBUF_BUFG
    SLICE_X12Y12         FDCE                                         r  SOC/AI_BUS/ACCELERATOR/COMPUTE_ENGINE/STREAM_CONTROLLER/cycle_reg[1]/C
  -------------------------------------------------------------------    -------------------
    SLICE_X12Y12         FDCE (Prop_fdce_C_Q)         0.518     5.604 r  SOC/AI_BUS/ACCELERATOR/COMPUTE_ENGINE/STREAM_CONTROLLER/cycle_reg[1]/Q
                         net (fo=104, routed)         1.362     6.967    SOC/AI_BUS/ACCELERATOR/COMPUTE_ENGINE/STREAM_CONTROLLER/cycle_reg_n_0_[1]
    SLICE_X6Y11          LUT6 (Prop_lut6_I3_O)        0.124     7.091 r  SOC/AI_BUS/ACCELERATOR/COMPUTE_ENGINE/STREAM_CONTROLLER/b_out[0]_i_2__0/O
                         net (fo=1, routed)           0.455     7.545    SOC/AI_BUS/ACCELERATOR/COMPUTE_ENGINE/STREAM_CONTROLLER/b_out[0]_i_2__0_n_0
    SLICE_X6Y13          LUT5 (Prop_lut5_I4_O)        0.124     7.669 r  SOC/AI_BUS/ACCELERATOR/COMPUTE_ENGINE/STREAM_CONTROLLER/b_out[0]_i_1__1/O
                         net (fo=17, routed)          1.071     8.740    SOC/AI_BUS/ACCELERATOR/COMPUTE_ENGINE/STREAM_CONTROLLER/B[0]
    SLICE_X4Y13          LUT6 (Prop_lut6_I0_O)        0.124     8.864 r  SOC/AI_BUS/ACCELERATOR/COMPUTE_ENGINE/STREAM_CONTROLLER/accumulator1__0_carry_i_1/O
                         net (fo=1, routed)           0.758     9.622    SOC/AI_BUS/ACCELERATOR/COMPUTE_ENGINE/SYSTOLIC_ARRAY/PE00/accumulator_reg[3]_0[2]
    SLICE_X2Y13          CARRY4 (Prop_carry4_DI[3]_CO[3])
                                                      0.396    10.018 r  SOC/AI_BUS/ACCELERATOR/COMPUTE_ENGINE/SYSTOLIC_ARRAY/PE00/accumulator1__0_carry/CO[3]
                         net (fo=1, routed)           0.000    10.018    SOC/AI_BUS/ACCELERATOR/COMPUTE_ENGINE/SYSTOLIC_ARRAY/PE00/accumulator1__0_carry_n_0
    SLICE_X2Y14          CARRY4 (Prop_carry4_CI_O[3])
                                                      0.315    10.333 r  SOC/AI_BUS/ACCELERATOR/COMPUTE_ENGINE/SYSTOLIC_ARRAY/PE00/accumulator1__0_carry__0/O[3]
                         net (fo=2, routed)           0.772    11.106    SOC/AI_BUS/ACCELERATOR/COMPUTE_ENGINE/SYSTOLIC_ARRAY/PE00/accumulator1__0_carry__0_n_4
    SLICE_X2Y17          LUT3 (Prop_lut3_I0_O)        0.307    11.413 r  SOC/AI_BUS/ACCELERATOR/COMPUTE_ENGINE/SYSTOLIC_ARRAY/PE00/accumulator1__86_carry__0_i_4/O
                         net (fo=2, routed)           0.646    12.059    SOC/AI_BUS/ACCELERATOR/COMPUTE_ENGINE/SYSTOLIC_ARRAY/PE00/accumulator1__86_carry__0_i_4_n_0
    SLICE_X1Y18          CARRY4 (Prop_carry4_DI[0]_CO[3])
                                                      0.526    12.585 r  SOC/AI_BUS/ACCELERATOR/COMPUTE_ENGINE/SYSTOLIC_ARRAY/PE00/accumulator1__86_carry__0/CO[3]
                         net (fo=1, routed)           0.000    12.585    SOC/AI_BUS/ACCELERATOR/COMPUTE_ENGINE/SYSTOLIC_ARRAY/PE00/accumulator1__86_carry__0_n_0
    SLICE_X1Y19          CARRY4 (Prop_carry4_CI_O[1])
                                                      0.334    12.919 r  SOC/AI_BUS/ACCELERATOR/COMPUTE_ENGINE/SYSTOLIC_ARRAY/PE00/accumulator1__86_carry__1/O[1]
                         net (fo=2, routed)           0.504    13.423    SOC/AI_BUS/ACCELERATOR/COMPUTE_ENGINE/STREAM_CONTROLLER/accumulator_reg[15]_2[1]
    SLICE_X0Y18          LUT2 (Prop_lut2_I0_O)        0.303    13.726 r  SOC/AI_BUS/ACCELERATOR/COMPUTE_ENGINE/STREAM_CONTROLLER/accumulator[12]_i_4/O
                         net (fo=1, routed)           0.000    13.726    SOC/AI_BUS/ACCELERATOR/COMPUTE_ENGINE/STREAM_CONTROLLER/accumulator[12]_i_4_n_0
    SLICE_X0Y18          CARRY4 (Prop_carry4_S[1]_CO[3])
                                                      0.550    14.276 r  SOC/AI_BUS/ACCELERATOR/COMPUTE_ENGINE/STREAM_CONTROLLER/accumulator_reg[12]_i_1/CO[3]
                         net (fo=1, routed)           0.000    14.276    SOC/AI_BUS/ACCELERATOR/COMPUTE_ENGINE/STREAM_CONTROLLER/accumulator_reg[12]_i_1_n_0
    SLICE_X0Y19          CARRY4 (Prop_carry4_CI_CO[3])
                                                      0.114    14.390 r  SOC/AI_BUS/ACCELERATOR/COMPUTE_ENGINE/STREAM_CONTROLLER/accumulator_reg[16]_i_1/CO[3]
                         net (fo=1, routed)           0.000    14.390    SOC/AI_BUS/ACCELERATOR/COMPUTE_ENGINE/STREAM_CONTROLLER/accumulator_reg[16]_i_1_n_0
    SLICE_X0Y20          CARRY4 (Prop_carry4_CI_CO[3])
                                                      0.114    14.504 r  SOC/AI_BUS/ACCELERATOR/COMPUTE_ENGINE/STREAM_CONTROLLER/accumulator_reg[20]_i_1/CO[3]
                         net (fo=1, routed)           0.000    14.504    SOC/AI_BUS/ACCELERATOR/COMPUTE_ENGINE/STREAM_CONTROLLER/accumulator_reg[20]_i_1_n_0
    SLICE_X0Y21          CARRY4 (Prop_carry4_CI_CO[3])
                                                      0.114    14.618 r  SOC/AI_BUS/ACCELERATOR/COMPUTE_ENGINE/STREAM_CONTROLLER/accumulator_reg[24]_i_1/CO[3]
                         net (fo=1, routed)           0.000    14.618    SOC/AI_BUS/ACCELERATOR/COMPUTE_ENGINE/STREAM_CONTROLLER/accumulator_reg[24]_i_1_n_0
    SLICE_X0Y22          CARRY4 (Prop_carry4_CI_O[3])
                                                      0.313    14.931 r  SOC/AI_BUS/ACCELERATOR/COMPUTE_ENGINE/STREAM_CONTROLLER/accumulator_reg[28]_i_1/O[3]
                         net (fo=1, routed)           0.000    14.931    SOC/AI_BUS/ACCELERATOR/COMPUTE_ENGINE/SYSTOLIC_ARRAY/PE00/accumulator_reg[31]_2[3]
    SLICE_X0Y22          FDCE                                         r  SOC/AI_BUS/ACCELERATOR/COMPUTE_ENGINE/SYSTOLIC_ARRAY/PE00/accumulator_reg[31]/D
  -------------------------------------------------------------------    -------------------

                         (clock sys_clk_pin rise edge)
                                                     10.000    10.000 r  <hidden>
    W5                                                0.000    10.000 r  clk
                         net (fo=0)                   0.000    10.000    clk
    W5                   IBUF (Prop_ibuf_I_O)         1.388    11.388 r  clk_IBUF_inst/O
                         net (fo=1, routed)           1.862    13.250    clk_IBUF
    BUFGCTRL_X0Y0        BUFG (Prop_bufg_I_O)         0.091    13.341 r  clk_IBUF_BUFG_inst/O
                         net (fo=10886, routed)       1.505    14.846    SOC/AI_BUS/ACCELERATOR/COMPUTE_ENGINE/SYSTOLIC_ARRAY/PE00/clk_IBUF_BUFG
    SLICE_X0Y22          FDCE                                         r  SOC/AI_BUS/ACCELERATOR/COMPUTE_ENGINE/SYSTOLIC_ARRAY/PE00/accumulator_reg[31]/C
                         clock pessimism              0.260    15.106    <hidden>
                         clock uncertainty           -0.035    15.071    <hidden>
    SLICE_X0Y22          FDCE (Setup_fdce_C_D)        0.062    15.133    SOC/AI_BUS/ACCELERATOR/COMPUTE_ENGINE/SYSTOLIC_ARRAY/PE00/accumulator_reg[31]
  -------------------------------------------------------------------
                         required time                         15.133    <hidden>
                         arrival time                         -14.931    <hidden>
  -------------------------------------------------------------------
                         slack                                  0.202    <hidden>

Slack (MET) :             0.218ns  (required time - arrival time)
  Source:                 SOC/AI_BUS/ACCELERATOR/COMPUTE_ENGINE/STREAM_CONTROLLER/cycle_reg[1]/C
                            (rising edge-triggered cell FDCE clocked by sys_clk_pin  {rise@0.000ns fall@5.000ns period=10.000ns})
  Destination:            SOC/AI_BUS/ACCELERATOR/COMPUTE_ENGINE/SYSTOLIC_ARRAY/PE10/accumulator_reg[29]/D
                            (rising edge-triggered cell FDCE clocked by sys_clk_pin  {rise@0.000ns fall@5.000ns period=10.000ns})
  Path Group:             sys_clk_pin
  Path Type:              Setup (Max at Slow Process Corner)
  Requirement:            10.000ns  (sys_clk_pin rise@10.000ns - sys_clk_pin rise@0.000ns)
  Data Path Delay:        9.876ns  (logic 4.436ns (44.915%)  route 5.440ns (55.085%))
  Logic Levels:           15  (CARRY4=9 LUT2=1 LUT3=1 LUT5=1 LUT6=3)
  Clock Path Skew:        0.021ns (DCD - SCD + CPR)
    Destination Clock Delay (DCD):    4.847ns = ( 14.847 - 10.000 ) 
    Source Clock Delay      (SCD):    5.086ns
    Clock Pessimism Removal (CPR):    0.260ns
  Clock Uncertainty:      0.035ns  ((TSJ^2 + TIJ^2)^1/2 + DJ) / 2 + PE
    Total System Jitter     (TSJ):    0.071ns
    Total Input Jitter      (TIJ):    0.000ns
    Discrete Jitter          (DJ):    0.000ns
    Phase Error              (PE):    0.000ns

    Location             Delay type                Incr(ns)  Path(ns)    Netlist Resource(s)
  -------------------------------------------------------------------    -------------------
                         (clock sys_clk_pin rise edge)
                                                      0.000     0.000 r  <hidden>
    W5                                                0.000     0.000 r  clk
                         net (fo=0)                   0.000     0.000    clk
    W5                   IBUF (Prop_ibuf_I_O)         1.458     1.458 r  clk_IBUF_inst/O
                         net (fo=1, routed)           1.967     3.425    clk_IBUF
    BUFGCTRL_X0Y0        BUFG (Prop_bufg_I_O)         0.096     3.521 r  clk_IBUF_BUFG_inst/O
                         net (fo=10886, routed)       1.565     5.086    SOC/AI_BUS/ACCELERATOR/COMPUTE_ENGINE/STREAM_CONTROLLER/clk_IBUF_BUFG
    SLICE_X12Y12         FDCE                                         r  SOC/AI_BUS/ACCELERATOR/COMPUTE_ENGINE/STREAM_CONTROLLER/cycle_reg[1]/C
  -------------------------------------------------------------------    -------------------
    SLICE_X12Y12         FDCE (Prop_fdce_C_Q)         0.518     5.604 r  SOC/AI_BUS/ACCELERATOR/COMPUTE_ENGINE/STREAM_CONTROLLER/cycle_reg[1]/Q
                         net (fo=104, routed)         1.417     7.022    SOC/AI_BUS/ACCELERATOR/COMPUTE_ENGINE/STREAM_CONTROLLER/cycle_reg_n_0_[1]
    SLICE_X3Y23          LUT5 (Prop_lut5_I3_O)        0.124     7.146 r  SOC/AI_BUS/ACCELERATOR/COMPUTE_ENGINE/STREAM_CONTROLLER/a_out[4]_i_2__1/O
                         net (fo=1, routed)           0.424     7.570    SOC/AI_BUS/ACCELERATOR/COMPUTE_ENGINE/STREAM_CONTROLLER/a_out[4]_i_2__1_n_0
    SLICE_X5Y22          LUT6 (Prop_lut6_I0_O)        0.124     7.694 r  SOC/AI_BUS/ACCELERATOR/COMPUTE_ENGINE/STREAM_CONTROLLER/a_out[4]_i_1__2/O
                         net (fo=18, routed)          1.077     8.771    SOC/AI_BUS/ACCELERATOR/COMPUTE_ENGINE/SYSTOLIC_ARRAY/PE00/D[4]
    SLICE_X8Y24          LUT6 (Prop_lut6_I1_O)        0.124     8.895 r  SOC/AI_BUS/ACCELERATOR/COMPUTE_ENGINE/SYSTOLIC_ARRAY/PE00/accumulator1__0_carry__0_i_3__4/O
                         net (fo=2, routed)           0.652     9.546    SOC/AI_BUS/ACCELERATOR/COMPUTE_ENGINE/SYSTOLIC_ARRAY/PE00/b_out_reg[0]_0[1]
    SLICE_X7Y23          LUT6 (Prop_lut6_I0_O)        0.124     9.670 r  SOC/AI_BUS/ACCELERATOR/COMPUTE_ENGINE/SYSTOLIC_ARRAY/PE00/accumulator1__0_carry__0_i_7__3/O
                         net (fo=1, routed)           0.000     9.670    SOC/AI_BUS/ACCELERATOR/COMPUTE_ENGINE/SYSTOLIC_ARRAY/PE10/accumulator1__86_carry_i_8__3_1[1]
    SLICE_X7Y23          CARRY4 (Prop_carry4_S[1]_CO[3])
                                                      0.550    10.220 r  SOC/AI_BUS/ACCELERATOR/COMPUTE_ENGINE/SYSTOLIC_ARRAY/PE10/accumulator1__0_carry__0/CO[3]
                         net (fo=1, routed)           0.000    10.220    SOC/AI_BUS/ACCELERATOR/COMPUTE_ENGINE/SYSTOLIC_ARRAY/PE10/accumulator1__0_carry__0_n_0
    SLICE_X7Y24          CARRY4 (Prop_carry4_CI_O[0])
                                                      0.222    10.442 r  SOC/AI_BUS/ACCELERATOR/COMPUTE_ENGINE/SYSTOLIC_ARRAY/PE10/accumulator1__0_carry__1/O[0]
                         net (fo=2, routed)           0.612    11.055    SOC/AI_BUS/ACCELERATOR/COMPUTE_ENGINE/SYSTOLIC_ARRAY/PE10/accumulator1__0_carry__1_n_7
    SLICE_X7Y28          LUT3 (Prop_lut3_I0_O)        0.299    11.354 r  SOC/AI_BUS/ACCELERATOR/COMPUTE_ENGINE/SYSTOLIC_ARRAY/PE10/accumulator1__86_carry__0_i_3__3/O
                         net (fo=2, routed)           0.751    12.104    SOC/AI_BUS/ACCELERATOR/COMPUTE_ENGINE/SYSTOLIC_ARRAY/PE10/accumulator1__86_carry__0_i_3__3_n_0
    SLICE_X7Y26          CARRY4 (Prop_carry4_DI[1]_CO[3])
                                                      0.507    12.611 r  SOC/AI_BUS/ACCELERATOR/COMPUTE_ENGINE/SYSTOLIC_ARRAY/PE10/accumulator1__86_carry__0/CO[3]
                         net (fo=1, routed)           0.000    12.611    SOC/AI_BUS/ACCELERATOR/COMPUTE_ENGINE/SYSTOLIC_ARRAY/PE10/accumulator1__86_carry__0_n_0
    SLICE_X7Y27          CARRY4 (Prop_carry4_CI_O[1])
                                                      0.334    12.945 r  SOC/AI_BUS/ACCELERATOR/COMPUTE_ENGINE/SYSTOLIC_ARRAY/PE10/accumulator1__86_carry__1/O[1]
                         net (fo=2, routed)           0.508    13.453    SOC/AI_BUS/ACCELERATOR/COMPUTE_ENGINE/SYSTOLIC_ARRAY/PE00/accumulator_reg[15]_3[1]
    SLICE_X6Y26          LUT2 (Prop_lut2_I0_O)        0.303    13.756 r  SOC/AI_BUS/ACCELERATOR/COMPUTE_ENGINE/SYSTOLIC_ARRAY/PE00/accumulator[12]_i_4__3/O
                         net (fo=1, routed)           0.000    13.756    SOC/AI_BUS/ACCELERATOR/COMPUTE_ENGINE/SYSTOLIC_ARRAY/PE00/accumulator[12]_i_4__3_n_0
    SLICE_X6Y26          CARRY4 (Prop_carry4_S[1]_CO[3])
                                                      0.533    14.289 r  SOC/AI_BUS/ACCELERATOR/COMPUTE_ENGINE/SYSTOLIC_ARRAY/PE00/accumulator_reg[12]_i_1__3/CO[3]
                         net (fo=1, routed)           0.000    14.289    SOC/AI_BUS/ACCELERATOR/COMPUTE_ENGINE/SYSTOLIC_ARRAY/PE00/accumulator_reg[12]_i_1__3_n_0
    SLICE_X6Y27          CARRY4 (Prop_carry4_CI_CO[3])
                                                      0.117    14.406 r  SOC/AI_BUS/ACCELERATOR/COMPUTE_ENGINE/SYSTOLIC_ARRAY/PE00/accumulator_reg[16]_i_1__3/CO[3]
                         net (fo=1, routed)           0.000    14.406    SOC/AI_BUS/ACCELERATOR/COMPUTE_ENGINE/SYSTOLIC_ARRAY/PE00/accumulator_reg[16]_i_1__3_n_0
    SLICE_X6Y28          CARRY4 (Prop_carry4_CI_CO[3])
                                                      0.117    14.523 r  SOC/AI_BUS/ACCELERATOR/COMPUTE_ENGINE/SYSTOLIC_ARRAY/PE00/accumulator_reg[20]_i_1__3/CO[3]
                         net (fo=1, routed)           0.000    14.523    SOC/AI_BUS/ACCELERATOR/COMPUTE_ENGINE/SYSTOLIC_ARRAY/PE00/accumulator_reg[20]_i_1__3_n_0
    SLICE_X6Y29          CARRY4 (Prop_carry4_CI_CO[3])
                                                      0.117    14.640 r  SOC/AI_BUS/ACCELERATOR/COMPUTE_ENGINE/SYSTOLIC_ARRAY/PE00/accumulator_reg[24]_i_1__3/CO[3]
                         net (fo=1, routed)           0.000    14.640    SOC/AI_BUS/ACCELERATOR/COMPUTE_ENGINE/SYSTOLIC_ARRAY/PE00/accumulator_reg[24]_i_1__3_n_0
    SLICE_X6Y30          CARRY4 (Prop_carry4_CI_O[1])
                                                      0.323    14.963 r  SOC/AI_BUS/ACCELERATOR/COMPUTE_ENGINE/SYSTOLIC_ARRAY/PE00/accumulator_reg[28]_i_1__3/O[1]
                         net (fo=1, routed)           0.000    14.963    SOC/AI_BUS/ACCELERATOR/COMPUTE_ENGINE/SYSTOLIC_ARRAY/PE10/accumulator_reg[31]_1[1]
    SLICE_X6Y30          FDCE                                         r  SOC/AI_BUS/ACCELERATOR/COMPUTE_ENGINE/SYSTOLIC_ARRAY/PE10/accumulator_reg[29]/D
  -------------------------------------------------------------------    -------------------

                         (clock sys_clk_pin rise edge)
                                                     10.000    10.000 r  <hidden>
    W5                                                0.000    10.000 r  clk
                         net (fo=0)                   0.000    10.000    clk
    W5                   IBUF (Prop_ibuf_I_O)         1.388    11.388 r  clk_IBUF_inst/O
                         net (fo=1, routed)           1.862    13.250    clk_IBUF
    BUFGCTRL_X0Y0        BUFG (Prop_bufg_I_O)         0.091    13.341 r  clk_IBUF_BUFG_inst/O
                         net (fo=10886, routed)       1.506    14.847    SOC/AI_BUS/ACCELERATOR/COMPUTE_ENGINE/SYSTOLIC_ARRAY/PE10/clk_IBUF_BUFG
    SLICE_X6Y30          FDCE                                         r  SOC/AI_BUS/ACCELERATOR/COMPUTE_ENGINE/SYSTOLIC_ARRAY/PE10/accumulator_reg[29]/C
                         clock pessimism              0.260    15.107    <hidden>
                         clock uncertainty           -0.035    15.072    <hidden>
    SLICE_X6Y30          FDCE (Setup_fdce_C_D)        0.109    15.181    SOC/AI_BUS/ACCELERATOR/COMPUTE_ENGINE/SYSTOLIC_ARRAY/PE10/accumulator_reg[29]
  -------------------------------------------------------------------
                         required time                         15.181    <hidden>
                         arrival time                         -14.963    <hidden>
  -------------------------------------------------------------------
                         slack                                  0.218    <hidden>

Slack (MET) :             0.226ns  (required time - arrival time)
  Source:                 SOC/AI_BUS/ACCELERATOR/COMPUTE_ENGINE/STREAM_CONTROLLER/cycle_reg[1]/C
                            (rising edge-triggered cell FDCE clocked by sys_clk_pin  {rise@0.000ns fall@5.000ns period=10.000ns})
  Destination:            SOC/AI_BUS/ACCELERATOR/COMPUTE_ENGINE/SYSTOLIC_ARRAY/PE10/accumulator_reg[31]/D
                            (rising edge-triggered cell FDCE clocked by sys_clk_pin  {rise@0.000ns fall@5.000ns period=10.000ns})
  Path Group:             sys_clk_pin
  Path Type:              Setup (Max at Slow Process Corner)
  Requirement:            10.000ns  (sys_clk_pin rise@10.000ns - sys_clk_pin rise@0.000ns)
  Data Path Delay:        9.869ns  (logic 4.428ns (44.870%)  route 5.440ns (55.130%))
  Logic Levels:           15  (CARRY4=9 LUT2=1 LUT3=1 LUT5=1 LUT6=3)
  Clock Path Skew:        0.021ns (DCD - SCD + CPR)
    Destination Clock Delay (DCD):    4.847ns = ( 14.847 - 10.000 ) 
    Source Clock Delay      (SCD):    5.086ns
    Clock Pessimism Removal (CPR):    0.260ns
  Clock Uncertainty:      0.035ns  ((TSJ^2 + TIJ^2)^1/2 + DJ) / 2 + PE
    Total System Jitter     (TSJ):    0.071ns
    Total Input Jitter      (TIJ):    0.000ns
    Discrete Jitter          (DJ):    0.000ns
    Phase Error              (PE):    0.000ns

    Location             Delay type                Incr(ns)  Path(ns)    Netlist Resource(s)
  -------------------------------------------------------------------    -------------------
                         (clock sys_clk_pin rise edge)
                                                      0.000     0.000 r  <hidden>
    W5                                                0.000     0.000 r  clk
                         net (fo=0)                   0.000     0.000    clk
    W5                   IBUF (Prop_ibuf_I_O)         1.458     1.458 r  clk_IBUF_inst/O
                         net (fo=1, routed)           1.967     3.425    clk_IBUF
    BUFGCTRL_X0Y0        BUFG (Prop_bufg_I_O)         0.096     3.521 r  clk_IBUF_BUFG_inst/O
                         net (fo=10886, routed)       1.565     5.086    SOC/AI_BUS/ACCELERATOR/COMPUTE_ENGINE/STREAM_CONTROLLER/clk_IBUF_BUFG
    SLICE_X12Y12         FDCE                                         r  SOC/AI_BUS/ACCELERATOR/COMPUTE_ENGINE/STREAM_CONTROLLER/cycle_reg[1]/C
  -------------------------------------------------------------------    -------------------
    SLICE_X12Y12         FDCE (Prop_fdce_C_Q)         0.518     5.604 r  SOC/AI_BUS/ACCELERATOR/COMPUTE_ENGINE/STREAM_CONTROLLER/cycle_reg[1]/Q
                         net (fo=104, routed)         1.417     7.022    SOC/AI_BUS/ACCELERATOR/COMPUTE_ENGINE/STREAM_CONTROLLER/cycle_reg_n_0_[1]
    SLICE_X3Y23          LUT5 (Prop_lut5_I3_O)        0.124     7.146 r  SOC/AI_BUS/ACCELERATOR/COMPUTE_ENGINE/STREAM_CONTROLLER/a_out[4]_i_2__1/O
                         net (fo=1, routed)           0.424     7.570    SOC/AI_BUS/ACCELERATOR/COMPUTE_ENGINE/STREAM_CONTROLLER/a_out[4]_i_2__1_n_0
    SLICE_X5Y22          LUT6 (Prop_lut6_I0_O)        0.124     7.694 r  SOC/AI_BUS/ACCELERATOR/COMPUTE_ENGINE/STREAM_CONTROLLER/a_out[4]_i_1__2/O
                         net (fo=18, routed)          1.077     8.771    SOC/AI_BUS/ACCELERATOR/COMPUTE_ENGINE/SYSTOLIC_ARRAY/PE00/D[4]
    SLICE_X8Y24          LUT6 (Prop_lut6_I1_O)        0.124     8.895 r  SOC/AI_BUS/ACCELERATOR/COMPUTE_ENGINE/SYSTOLIC_ARRAY/PE00/accumulator1__0_carry__0_i_3__4/O
                         net (fo=2, routed)           0.652     9.546    SOC/AI_BUS/ACCELERATOR/COMPUTE_ENGINE/SYSTOLIC_ARRAY/PE00/b_out_reg[0]_0[1]
    SLICE_X7Y23          LUT6 (Prop_lut6_I0_O)        0.124     9.670 r  SOC/AI_BUS/ACCELERATOR/COMPUTE_ENGINE/SYSTOLIC_ARRAY/PE00/accumulator1__0_carry__0_i_7__3/O
                         net (fo=1, routed)           0.000     9.670    SOC/AI_BUS/ACCELERATOR/COMPUTE_ENGINE/SYSTOLIC_ARRAY/PE10/accumulator1__86_carry_i_8__3_1[1]
    SLICE_X7Y23          CARRY4 (Prop_carry4_S[1]_CO[3])
                                                      0.550    10.220 r  SOC/AI_BUS/ACCELERATOR/COMPUTE_ENGINE/SYSTOLIC_ARRAY/PE10/accumulator1__0_carry__0/CO[3]
                         net (fo=1, routed)           0.000    10.220    SOC/AI_BUS/ACCELERATOR/COMPUTE_ENGINE/SYSTOLIC_ARRAY/PE10/accumulator1__0_carry__0_n_0
    SLICE_X7Y24          CARRY4 (Prop_carry4_CI_O[0])
                                                      0.222    10.442 r  SOC/AI_BUS/ACCELERATOR/COMPUTE_ENGINE/SYSTOLIC_ARRAY/PE10/accumulator1__0_carry__1/O[0]
                         net (fo=2, routed)           0.612    11.055    SOC/AI_BUS/ACCELERATOR/COMPUTE_ENGINE/SYSTOLIC_ARRAY/PE10/accumulator1__0_carry__1_n_7
    SLICE_X7Y28          LUT3 (Prop_lut3_I0_O)        0.299    11.354 r  SOC/AI_BUS/ACCELERATOR/COMPUTE_ENGINE/SYSTOLIC_ARRAY/PE10/accumulator1__86_carry__0_i_3__3/O
                         net (fo=2, routed)           0.751    12.104    SOC/AI_BUS/ACCELERATOR/COMPUTE_ENGINE/SYSTOLIC_ARRAY/PE10/accumulator1__86_carry__0_i_3__3_n_0
    SLICE_X7Y26          CARRY4 (Prop_carry4_DI[1]_CO[3])
                                                      0.507    12.611 r  SOC/AI_BUS/ACCELERATOR/COMPUTE_ENGINE/SYSTOLIC_ARRAY/PE10/accumulator1__86_carry__0/CO[3]
                         net (fo=1, routed)           0.000    12.611    SOC/AI_BUS/ACCELERATOR/COMPUTE_ENGINE/SYSTOLIC_ARRAY/PE10/accumulator1__86_carry__0_n_0
    SLICE_X7Y27          CARRY4 (Prop_carry4_CI_O[1])
                                                      0.334    12.945 r  SOC/AI_BUS/ACCELERATOR/COMPUTE_ENGINE/SYSTOLIC_ARRAY/PE10/accumulator1__86_carry__1/O[1]
                         net (fo=2, routed)           0.508    13.453    SOC/AI_BUS/ACCELERATOR/COMPUTE_ENGINE/SYSTOLIC_ARRAY/PE00/accumulator_reg[15]_3[1]
    SLICE_X6Y26          LUT2 (Prop_lut2_I0_O)        0.303    13.756 r  SOC/AI_BUS/ACCELERATOR/COMPUTE_ENGINE/SYSTOLIC_ARRAY/PE00/accumulator[12]_i_4__3/O
                         net (fo=1, routed)           0.000    13.756    SOC/AI_BUS/ACCELERATOR/COMPUTE_ENGINE/SYSTOLIC_ARRAY/PE00/accumulator[12]_i_4__3_n_0
    SLICE_X6Y26          CARRY4 (Prop_carry4_S[1]_CO[3])
                                                      0.533    14.289 r  SOC/AI_BUS/ACCELERATOR/COMPUTE_ENGINE/SYSTOLIC_ARRAY/PE00/accumulator_reg[12]_i_1__3/CO[3]
                         net (fo=1, routed)           0.000    14.289    SOC/AI_BUS/ACCELERATOR/COMPUTE_ENGINE/SYSTOLIC_ARRAY/PE00/accumulator_reg[12]_i_1__3_n_0
    SLICE_X6Y27          CARRY4 (Prop_carry4_CI_CO[3])
                                                      0.117    14.406 r  SOC/AI_BUS/ACCELERATOR/COMPUTE_ENGINE/SYSTOLIC_ARRAY/PE00/accumulator_reg[16]_i_1__3/CO[3]
                         net (fo=1, routed)           0.000    14.406    SOC/AI_BUS/ACCELERATOR/COMPUTE_ENGINE/SYSTOLIC_ARRAY/PE00/accumulator_reg[16]_i_1__3_n_0
    SLICE_X6Y28          CARRY4 (Prop_carry4_CI_CO[3])
                                                      0.117    14.523 r  SOC/AI_BUS/ACCELERATOR/COMPUTE_ENGINE/SYSTOLIC_ARRAY/PE00/accumulator_reg[20]_i_1__3/CO[3]
                         net (fo=1, routed)           0.000    14.523    SOC/AI_BUS/ACCELERATOR/COMPUTE_ENGINE/SYSTOLIC_ARRAY/PE00/accumulator_reg[20]_i_1__3_n_0
    SLICE_X6Y29          CARRY4 (Prop_carry4_CI_CO[3])
                                                      0.117    14.640 r  SOC/AI_BUS/ACCELERATOR/COMPUTE_ENGINE/SYSTOLIC_ARRAY/PE00/accumulator_reg[24]_i_1__3/CO[3]
                         net (fo=1, routed)           0.000    14.640    SOC/AI_BUS/ACCELERATOR/COMPUTE_ENGINE/SYSTOLIC_ARRAY/PE00/accumulator_reg[24]_i_1__3_n_0
    SLICE_X6Y30          CARRY4 (Prop_carry4_CI_O[3])
                                                      0.315    14.955 r  SOC/AI_BUS/ACCELERATOR/COMPUTE_ENGINE/SYSTOLIC_ARRAY/PE00/accumulator_reg[28]_i_1__3/O[3]
                         net (fo=1, routed)           0.000    14.955    SOC/AI_BUS/ACCELERATOR/COMPUTE_ENGINE/SYSTOLIC_ARRAY/PE10/accumulator_reg[31]_1[3]
    SLICE_X6Y30          FDCE                                         r  SOC/AI_BUS/ACCELERATOR/COMPUTE_ENGINE/SYSTOLIC_ARRAY/PE10/accumulator_reg[31]/D
  -------------------------------------------------------------------    -------------------

                         (clock sys_clk_pin rise edge)
                                                     10.000    10.000 r  <hidden>
    W5                                                0.000    10.000 r  clk
                         net (fo=0)                   0.000    10.000    clk
    W5                   IBUF (Prop_ibuf_I_O)         1.388    11.388 r  clk_IBUF_inst/O
                         net (fo=1, routed)           1.862    13.250    clk_IBUF
    BUFGCTRL_X0Y0        BUFG (Prop_bufg_I_O)         0.091    13.341 r  clk_IBUF_BUFG_inst/O
                         net (fo=10886, routed)       1.506    14.847    SOC/AI_BUS/ACCELERATOR/COMPUTE_ENGINE/SYSTOLIC_ARRAY/PE10/clk_IBUF_BUFG
    SLICE_X6Y30          FDCE                                         r  SOC/AI_BUS/ACCELERATOR/COMPUTE_ENGINE/SYSTOLIC_ARRAY/PE10/accumulator_reg[31]/C
                         clock pessimism              0.260    15.107    <hidden>
                         clock uncertainty           -0.035    15.072    <hidden>
    SLICE_X6Y30          FDCE (Setup_fdce_C_D)        0.109    15.181    SOC/AI_BUS/ACCELERATOR/COMPUTE_ENGINE/SYSTOLIC_ARRAY/PE10/accumulator_reg[31]
  -------------------------------------------------------------------
                         required time                         15.181    <hidden>
                         arrival time                         -14.955    <hidden>
  -------------------------------------------------------------------
                         slack                                  0.226    <hidden>

Slack (MET) :             0.249ns  (required time - arrival time)
  Source:                 SOC/AI_BUS/ACCELERATOR/COMPUTE_ENGINE/STREAM_CONTROLLER/cycle_reg[1]/C
                            (rising edge-triggered cell FDCE clocked by sys_clk_pin  {rise@0.000ns fall@5.000ns period=10.000ns})
  Destination:            SOC/AI_BUS/ACCELERATOR/COMPUTE_ENGINE/SYSTOLIC_ARRAY/PE02/accumulator_reg[29]/D
                            (rising edge-triggered cell FDCE clocked by sys_clk_pin  {rise@0.000ns fall@5.000ns period=10.000ns})
  Path Group:             sys_clk_pin
  Path Type:              Setup (Max at Slow Process Corner)
  Requirement:            10.000ns  (sys_clk_pin rise@10.000ns - sys_clk_pin rise@0.000ns)
  Data Path Delay:        9.797ns  (logic 4.638ns (47.340%)  route 5.159ns (52.660%))
  Logic Levels:           17  (CARRY4=10 LUT2=2 LUT3=2 LUT4=1 LUT6=2)
  Clock Path Skew:        0.020ns (DCD - SCD + CPR)
    Destination Clock Delay (DCD):    4.846ns = ( 14.846 - 10.000 ) 
    Source Clock Delay      (SCD):    5.086ns
    Clock Pessimism Removal (CPR):    0.260ns
  Clock Uncertainty:      0.035ns  ((TSJ^2 + TIJ^2)^1/2 + DJ) / 2 + PE
    Total System Jitter     (TSJ):    0.071ns
    Total Input Jitter      (TIJ):    0.000ns
    Discrete Jitter          (DJ):    0.000ns
    Phase Error              (PE):    0.000ns

    Location             Delay type                Incr(ns)  Path(ns)    Netlist Resource(s)
  -------------------------------------------------------------------    -------------------
                         (clock sys_clk_pin rise edge)
                                                      0.000     0.000 r  <hidden>
    W5                                                0.000     0.000 r  clk
                         net (fo=0)                   0.000     0.000    clk
    W5                   IBUF (Prop_ibuf_I_O)         1.458     1.458 r  clk_IBUF_inst/O
                         net (fo=1, routed)           1.967     3.425    clk_IBUF
    BUFGCTRL_X0Y0        BUFG (Prop_bufg_I_O)         0.096     3.521 r  clk_IBUF_BUFG_inst/O
                         net (fo=10886, routed)       1.565     5.086    SOC/AI_BUS/ACCELERATOR/COMPUTE_ENGINE/STREAM_CONTROLLER/clk_IBUF_BUFG
    SLICE_X12Y12         FDCE                                         r  SOC/AI_BUS/ACCELERATOR/COMPUTE_ENGINE/STREAM_CONTROLLER/cycle_reg[1]/C
  -------------------------------------------------------------------    -------------------
    SLICE_X12Y12         FDCE (Prop_fdce_C_Q)         0.518     5.604 f  SOC/AI_BUS/ACCELERATOR/COMPUTE_ENGINE/STREAM_CONTROLLER/cycle_reg[1]/Q
                         net (fo=104, routed)         0.961     6.566    SOC/AI_BUS/ACCELERATOR/COMPUTE_ENGINE/STREAM_CONTROLLER/cycle_reg_n_0_[1]
    SLICE_X10Y13         LUT3 (Prop_lut3_I1_O)        0.124     6.690 f  SOC/AI_BUS/ACCELERATOR/COMPUTE_ENGINE/STREAM_CONTROLLER/b_out[7]_i_2__1/O
                         net (fo=16, routed)          0.785     7.475    SOC/AI_BUS/ACCELERATOR/COMPUTE_ENGINE/STREAM_CONTROLLER/b_out[7]_i_2__1_n_0
    SLICE_X10Y13         LUT6 (Prop_lut6_I2_O)        0.124     7.599 f  SOC/AI_BUS/ACCELERATOR/COMPUTE_ENGINE/STREAM_CONTROLLER/b_out[0]_i_1__0/O
                         net (fo=17, routed)          0.796     8.395    SOC/AI_BUS/ACCELERATOR/COMPUTE_ENGINE/SYSTOLIC_ARRAY/PE01/D[0]
    SLICE_X9Y14          LUT2 (Prop_lut2_I1_O)        0.153     8.548 r  SOC/AI_BUS/ACCELERATOR/COMPUTE_ENGINE/SYSTOLIC_ARRAY/PE01/accumulator1__0_carry_i_8__2/O
                         net (fo=1, routed)           0.466     9.014    SOC/AI_BUS/ACCELERATOR/COMPUTE_ENGINE/SYSTOLIC_ARRAY/PE01/accumulator1__0_carry_i_8__2_n_0
    SLICE_X9Y15          LUT6 (Prop_lut6_I1_O)        0.327     9.341 r  SOC/AI_BUS/ACCELERATOR/COMPUTE_ENGINE/SYSTOLIC_ARRAY/PE01/accumulator1__0_carry_i_4__1/O
                         net (fo=1, routed)           0.000     9.341    SOC/AI_BUS/ACCELERATOR/COMPUTE_ENGINE/SYSTOLIC_ARRAY/PE02/S[3]
    SLICE_X9Y15          CARRY4 (Prop_carry4_S[3]_CO[3])
                                                      0.401     9.742 r  SOC/AI_BUS/ACCELERATOR/COMPUTE_ENGINE/SYSTOLIC_ARRAY/PE02/accumulator1__0_carry/CO[3]
                         net (fo=1, routed)           0.000     9.742    SOC/AI_BUS/ACCELERATOR/COMPUTE_ENGINE/SYSTOLIC_ARRAY/PE02/accumulator1__0_carry_n_0
    SLICE_X9Y16          CARRY4 (Prop_carry4_CI_CO[3])
                                                      0.114     9.856 r  SOC/AI_BUS/ACCELERATOR/COMPUTE_ENGINE/SYSTOLIC_ARRAY/PE02/accumulator1__0_carry__0/CO[3]
                         net (fo=1, routed)           0.000     9.856    SOC/AI_BUS/ACCELERATOR/COMPUTE_ENGINE/SYSTOLIC_ARRAY/PE02/accumulator1__0_carry__0_n_0
    SLICE_X9Y17          CARRY4 (Prop_carry4_CI_O[0])
                                                      0.222    10.078 r  SOC/AI_BUS/ACCELERATOR/COMPUTE_ENGINE/SYSTOLIC_ARRAY/PE02/accumulator1__0_carry__1/O[0]
                         net (fo=2, routed)           0.801    10.879    SOC/AI_BUS/ACCELERATOR/COMPUTE_ENGINE/SYSTOLIC_ARRAY/PE02/accumulator1__0_carry__1_n_7
    SLICE_X11Y16         LUT3 (Prop_lut3_I0_O)        0.299    11.178 r  SOC/AI_BUS/ACCELERATOR/COMPUTE_ENGINE/SYSTOLIC_ARRAY/PE02/accumulator1__86_carry__0_i_3__1/O
                         net (fo=2, routed)           0.634    11.812    SOC/AI_BUS/ACCELERATOR/COMPUTE_ENGINE/SYSTOLIC_ARRAY/PE02/accumulator1__86_carry__0_i_3__1_n_0
    SLICE_X8Y16          LUT4 (Prop_lut4_I3_O)        0.124    11.936 r  SOC/AI_BUS/ACCELERATOR/COMPUTE_ENGINE/SYSTOLIC_ARRAY/PE02/accumulator1__86_carry__0_i_7__1/O
                         net (fo=1, routed)           0.000    11.936    SOC/AI_BUS/ACCELERATOR/COMPUTE_ENGINE/SYSTOLIC_ARRAY/PE02/accumulator1__86_carry__0_i_7__1_n_0
    SLICE_X8Y16          CARRY4 (Prop_carry4_S[1]_CO[3])
                                                      0.533    12.469 r  SOC/AI_BUS/ACCELERATOR/COMPUTE_ENGINE/SYSTOLIC_ARRAY/PE02/accumulator1__86_carry__0/CO[3]
                         net (fo=1, routed)           0.000    12.469    SOC/AI_BUS/ACCELERATOR/COMPUTE_ENGINE/SYSTOLIC_ARRAY/PE02/accumulator1__86_carry__0_n_0
    SLICE_X8Y17          CARRY4 (Prop_carry4_CI_O[3])
                                                      0.315    12.784 r  SOC/AI_BUS/ACCELERATOR/COMPUTE_ENGINE/SYSTOLIC_ARRAY/PE02/accumulator1__86_carry__1/O[3]
                         net (fo=33, routed)          0.716    13.499    SOC/AI_BUS/ACCELERATOR/COMPUTE_ENGINE/STREAM_CONTROLLER/accumulator_reg[15]_6[3]
    SLICE_X7Y17          LUT2 (Prop_lut2_I0_O)        0.307    13.806 r  SOC/AI_BUS/ACCELERATOR/COMPUTE_ENGINE/STREAM_CONTROLLER/accumulator[12]_i_2__1/O
                         net (fo=1, routed)           0.000    13.806    SOC/AI_BUS/ACCELERATOR/COMPUTE_ENGINE/STREAM_CONTROLLER/accumulator[12]_i_2__1_n_0
    SLICE_X7Y17          CARRY4 (Prop_carry4_S[3]_CO[3])
                                                      0.401    14.207 r  SOC/AI_BUS/ACCELERATOR/COMPUTE_ENGINE/STREAM_CONTROLLER/accumulator_reg[12]_i_1__1/CO[3]
                         net (fo=1, routed)           0.000    14.207    SOC/AI_BUS/ACCELERATOR/COMPUTE_ENGINE/STREAM_CONTROLLER/accumulator_reg[12]_i_1__1_n_0
    SLICE_X7Y18          CARRY4 (Prop_carry4_CI_CO[3])
                                                      0.114    14.321 r  SOC/AI_BUS/ACCELERATOR/COMPUTE_ENGINE/STREAM_CONTROLLER/accumulator_reg[16]_i_1__1/CO[3]
                         net (fo=1, routed)           0.000    14.321    SOC/AI_BUS/ACCELERATOR/COMPUTE_ENGINE/STREAM_CONTROLLER/accumulator_reg[16]_i_1__1_n_0
    SLICE_X7Y19          CARRY4 (Prop_carry4_CI_CO[3])
                                                      0.114    14.435 r  SOC/AI_BUS/ACCELERATOR/COMPUTE_ENGINE/STREAM_CONTROLLER/accumulator_reg[20]_i_1__1/CO[3]
                         net (fo=1, routed)           0.000    14.435    SOC/AI_BUS/ACCELERATOR/COMPUTE_ENGINE/STREAM_CONTROLLER/accumulator_reg[20]_i_1__1_n_0
    SLICE_X7Y20          CARRY4 (Prop_carry4_CI_CO[3])
                                                      0.114    14.549 r  SOC/AI_BUS/ACCELERATOR/COMPUTE_ENGINE/STREAM_CONTROLLER/accumulator_reg[24]_i_1__1/CO[3]
                         net (fo=1, routed)           0.000    14.549    SOC/AI_BUS/ACCELERATOR/COMPUTE_ENGINE/STREAM_CONTROLLER/accumulator_reg[24]_i_1__1_n_0
    SLICE_X7Y21          CARRY4 (Prop_carry4_CI_O[1])
                                                      0.334    14.883 r  SOC/AI_BUS/ACCELERATOR/COMPUTE_ENGINE/STREAM_CONTROLLER/accumulator_reg[28]_i_1__1/O[1]
                         net (fo=1, routed)           0.000    14.883    SOC/AI_BUS/ACCELERATOR/COMPUTE_ENGINE/SYSTOLIC_ARRAY/PE02/accumulator_reg[31]_2[1]
    SLICE_X7Y21          FDCE                                         r  SOC/AI_BUS/ACCELERATOR/COMPUTE_ENGINE/SYSTOLIC_ARRAY/PE02/accumulator_reg[29]/D
  -------------------------------------------------------------------    -------------------

                         (clock sys_clk_pin rise edge)
                                                     10.000    10.000 r  <hidden>
    W5                                                0.000    10.000 r  clk
                         net (fo=0)                   0.000    10.000    clk
    W5                   IBUF (Prop_ibuf_I_O)         1.388    11.388 r  clk_IBUF_inst/O
                         net (fo=1, routed)           1.862    13.250    clk_IBUF
    BUFGCTRL_X0Y0        BUFG (Prop_bufg_I_O)         0.091    13.341 r  clk_IBUF_BUFG_inst/O
                         net (fo=10886, routed)       1.505    14.846    SOC/AI_BUS/ACCELERATOR/COMPUTE_ENGINE/SYSTOLIC_ARRAY/PE02/clk_IBUF_BUFG
    SLICE_X7Y21          FDCE                                         r  SOC/AI_BUS/ACCELERATOR/COMPUTE_ENGINE/SYSTOLIC_ARRAY/PE02/accumulator_reg[29]/C
                         clock pessimism              0.260    15.106    <hidden>
                         clock uncertainty           -0.035    15.071    <hidden>
    SLICE_X7Y21          FDCE (Setup_fdce_C_D)        0.062    15.133    SOC/AI_BUS/ACCELERATOR/COMPUTE_ENGINE/SYSTOLIC_ARRAY/PE02/accumulator_reg[29]
  -------------------------------------------------------------------
                         required time                         15.133    <hidden>
                         arrival time                         -14.883    <hidden>
  -------------------------------------------------------------------
                         slack                                  0.249    <hidden>

Slack (MET) :             0.263ns  (required time - arrival time)
  Source:                 SOC/AI_BUS/ACCELERATOR/COMPUTE_ENGINE/STREAM_CONTROLLER/cycle_reg[1]/C
                            (rising edge-triggered cell FDCE clocked by sys_clk_pin  {rise@0.000ns fall@5.000ns period=10.000ns})
  Destination:            SOC/AI_BUS/ACCELERATOR/COMPUTE_ENGINE/SYSTOLIC_ARRAY/PE03/accumulator_reg[30]/D
                            (rising edge-triggered cell FDCE clocked by sys_clk_pin  {rise@0.000ns fall@5.000ns period=10.000ns})
  Path Group:             sys_clk_pin
  Path Type:              Setup (Max at Slow Process Corner)
  Requirement:            10.000ns  (sys_clk_pin rise@10.000ns - sys_clk_pin rise@0.000ns)
  Data Path Delay:        9.713ns  (logic 4.193ns (43.170%)  route 5.520ns (56.830%))
  Logic Levels:           15  (CARRY4=8 LUT2=1 LUT3=1 LUT4=1 LUT6=4)
  Clock Path Skew:        -0.051ns (DCD - SCD + CPR)
    Destination Clock Delay (DCD):    4.775ns = ( 14.775 - 10.000 ) 
    Source Clock Delay      (SCD):    5.086ns
    Clock Pessimism Removal (CPR):    0.260ns
  Clock Uncertainty:      0.035ns  ((TSJ^2 + TIJ^2)^1/2 + DJ) / 2 + PE
    Total System Jitter     (TSJ):    0.071ns
    Total Input Jitter      (TIJ):    0.000ns
    Discrete Jitter          (DJ):    0.000ns
    Phase Error              (PE):    0.000ns

    Location             Delay type                Incr(ns)  Path(ns)    Netlist Resource(s)
  -------------------------------------------------------------------    -------------------
                         (clock sys_clk_pin rise edge)
                                                      0.000     0.000 r  <hidden>
    W5                                                0.000     0.000 r  clk
                         net (fo=0)                   0.000     0.000    clk
    W5                   IBUF (Prop_ibuf_I_O)         1.458     1.458 r  clk_IBUF_inst/O
                         net (fo=1, routed)           1.967     3.425    clk_IBUF
    BUFGCTRL_X0Y0        BUFG (Prop_bufg_I_O)         0.096     3.521 r  clk_IBUF_BUFG_inst/O
                         net (fo=10886, routed)       1.565     5.086    SOC/AI_BUS/ACCELERATOR/COMPUTE_ENGINE/STREAM_CONTROLLER/clk_IBUF_BUFG
    SLICE_X12Y12         FDCE                                         r  SOC/AI_BUS/ACCELERATOR/COMPUTE_ENGINE/STREAM_CONTROLLER/cycle_reg[1]/C
  -------------------------------------------------------------------    -------------------
    SLICE_X12Y12         FDCE (Prop_fdce_C_Q)         0.518     5.604 r  SOC/AI_BUS/ACCELERATOR/COMPUTE_ENGINE/STREAM_CONTROLLER/cycle_reg[1]/Q
                         net (fo=104, routed)         1.187     6.791    SOC/AI_BUS/ACCELERATOR/COMPUTE_ENGINE/STREAM_CONTROLLER/cycle_reg_n_0_[1]
    SLICE_X11Y12         LUT6 (Prop_lut6_I1_O)        0.124     6.915 f  SOC/AI_BUS/ACCELERATOR/COMPUTE_ENGINE/STREAM_CONTROLLER/b_out[0]_i_2/O
                         net (fo=1, routed)           0.618     7.533    SOC/AI_BUS/ACCELERATOR/COMPUTE_ENGINE/STREAM_CONTROLLER/b_out[0]_i_2_n_0
    SLICE_X10Y18         LUT6 (Prop_lut6_I1_O)        0.124     7.657 r  SOC/AI_BUS/ACCELERATOR/COMPUTE_ENGINE/STREAM_CONTROLLER/b_out[0]_i_1/O
                         net (fo=17, routed)          1.008     8.665    SOC/AI_BUS/ACCELERATOR/COMPUTE_ENGINE/STREAM_CONTROLLER/FSM_sequential_state_reg[1]_15
    SLICE_X10Y18         LUT6 (Prop_lut6_I0_O)        0.124     8.789 r  SOC/AI_BUS/ACCELERATOR/COMPUTE_ENGINE/STREAM_CONTROLLER/accumulator1__0_carry__0_i_4__0/O
                         net (fo=2, routed)           0.603     9.392    SOC/AI_BUS/ACCELERATOR/COMPUTE_ENGINE/STREAM_CONTROLLER/a_out_reg[6]_1[0]
    SLICE_X10Y20         LUT6 (Prop_lut6_I0_O)        0.124     9.516 r  SOC/AI_BUS/ACCELERATOR/COMPUTE_ENGINE/STREAM_CONTROLLER/accumulator1__0_carry__0_i_8__2/O
                         net (fo=1, routed)           0.000     9.516    SOC/AI_BUS/ACCELERATOR/COMPUTE_ENGINE/SYSTOLIC_ARRAY/PE03/accumulator1__86_carry_i_8__2_1[0]
    SLICE_X10Y20         CARRY4 (Prop_carry4_S[0]_O[3])
                                                      0.608    10.124 r  SOC/AI_BUS/ACCELERATOR/COMPUTE_ENGINE/SYSTOLIC_ARRAY/PE03/accumulator1__0_carry__0/O[3]
                         net (fo=2, routed)           0.759    10.883    SOC/AI_BUS/ACCELERATOR/COMPUTE_ENGINE/SYSTOLIC_ARRAY/PE03/accumulator1__0_carry__0_n_4
    SLICE_X14Y20         LUT3 (Prop_lut3_I0_O)        0.307    11.190 r  SOC/AI_BUS/ACCELERATOR/COMPUTE_ENGINE/SYSTOLIC_ARRAY/PE03/accumulator1__86_carry__0_i_4__2/O
                         net (fo=2, routed)           0.611    11.802    SOC/AI_BUS/ACCELERATOR/COMPUTE_ENGINE/SYSTOLIC_ARRAY/PE03/accumulator1__86_carry__0_i_4__2_n_0
    SLICE_X12Y21         LUT4 (Prop_lut4_I3_O)        0.124    11.926 r  SOC/AI_BUS/ACCELERATOR/COMPUTE_ENGINE/SYSTOLIC_ARRAY/PE03/accumulator1__86_carry__0_i_8__2/O
                         net (fo=1, routed)           0.000    11.926    SOC/AI_BUS/ACCELERATOR/COMPUTE_ENGINE/SYSTOLIC_ARRAY/PE03/accumulator1__86_carry__0_i_8__2_n_0
    SLICE_X12Y21         CARRY4 (Prop_carry4_S[0]_CO[3])
                                                      0.513    12.439 r  SOC/AI_BUS/ACCELERATOR/COMPUTE_ENGINE/SYSTOLIC_ARRAY/PE03/accumulator1__86_carry__0/CO[3]
                         net (fo=1, routed)           0.000    12.439    SOC/AI_BUS/ACCELERATOR/COMPUTE_ENGINE/SYSTOLIC_ARRAY/PE03/accumulator1__86_carry__0_n_0
    SLICE_X12Y22         CARRY4 (Prop_carry4_CI_O[0])
                                                      0.219    12.658 r  SOC/AI_BUS/ACCELERATOR/COMPUTE_ENGINE/SYSTOLIC_ARRAY/PE03/accumulator1__86_carry__1/O[0]
                         net (fo=2, routed)           0.724    13.382    SOC/AI_BUS/ACCELERATOR/COMPUTE_ENGINE/STREAM_CONTROLLER/accumulator_reg[15]_8[0]
    SLICE_X11Y21         LUT2 (Prop_lut2_I0_O)        0.295    13.677 r  SOC/AI_BUS/ACCELERATOR/COMPUTE_ENGINE/STREAM_CONTROLLER/accumulator[12]_i_5__2/O
                         net (fo=1, routed)           0.000    13.677    SOC/AI_BUS/ACCELERATOR/COMPUTE_ENGINE/STREAM_CONTROLLER/accumulator[12]_i_5__2_n_0
    SLICE_X11Y21         CARRY4 (Prop_carry4_S[0]_CO[3])
                                                      0.532    14.209 r  SOC/AI_BUS/ACCELERATOR/COMPUTE_ENGINE/STREAM_CONTROLLER/accumulator_reg[12]_i_1__2/CO[3]
                         net (fo=1, routed)           0.000    14.209    SOC/AI_BUS/ACCELERATOR/COMPUTE_ENGINE/STREAM_CONTROLLER/accumulator_reg[12]_i_1__2_n_0
    SLICE_X11Y22         CARRY4 (Prop_carry4_CI_CO[3])
                                                      0.114    14.323 r  SOC/AI_BUS/ACCELERATOR/COMPUTE_ENGINE/STREAM_CONTROLLER/accumulator_reg[16]_i_1__2/CO[3]
                         net (fo=1, routed)           0.000    14.323    SOC/AI_BUS/ACCELERATOR/COMPUTE_ENGINE/STREAM_CONTROLLER/accumulator_reg[16]_i_1__2_n_0
    SLICE_X11Y23         CARRY4 (Prop_carry4_CI_CO[3])
                                                      0.114    14.437 r  SOC/AI_BUS/ACCELERATOR/COMPUTE_ENGINE/STREAM_CONTROLLER/accumulator_reg[20]_i_1__2/CO[3]
                         net (fo=1, routed)           0.000    14.437    SOC/AI_BUS/ACCELERATOR/COMPUTE_ENGINE/STREAM_CONTROLLER/accumulator_reg[20]_i_1__2_n_0
    SLICE_X11Y24         CARRY4 (Prop_carry4_CI_CO[3])
                                                      0.114    14.551 r  SOC/AI_BUS/ACCELERATOR/COMPUTE_ENGINE/STREAM_CONTROLLER/accumulator_reg[24]_i_1__2/CO[3]
                         net (fo=1, routed)           0.009    14.560    SOC/AI_BUS/ACCELERATOR/COMPUTE_ENGINE/STREAM_CONTROLLER/accumulator_reg[24]_i_1__2_n_0
    SLICE_X11Y25         CARRY4 (Prop_carry4_CI_O[2])
                                                      0.239    14.799 r  SOC/AI_BUS/ACCELERATOR/COMPUTE_ENGINE/STREAM_CONTROLLER/accumulator_reg[28]_i_1__2/O[2]
                         net (fo=1, routed)           0.000    14.799    SOC/AI_BUS/ACCELERATOR/COMPUTE_ENGINE/SYSTOLIC_ARRAY/PE03/accumulator_reg[31]_3[2]
    SLICE_X11Y25         FDCE                                         r  SOC/AI_BUS/ACCELERATOR/COMPUTE_ENGINE/SYSTOLIC_ARRAY/PE03/accumulator_reg[30]/D
  -------------------------------------------------------------------    -------------------

                         (clock sys_clk_pin rise edge)
                                                     10.000    10.000 r  <hidden>
    W5                                                0.000    10.000 r  clk
                         net (fo=0)                   0.000    10.000    clk
    W5                   IBUF (Prop_ibuf_I_O)         1.388    11.388 r  clk_IBUF_inst/O
                         net (fo=1, routed)           1.862    13.250    clk_IBUF
    BUFGCTRL_X0Y0        BUFG (Prop_bufg_I_O)         0.091    13.341 r  clk_IBUF_BUFG_inst/O
                         net (fo=10886, routed)       1.434    14.775    SOC/AI_BUS/ACCELERATOR/COMPUTE_ENGINE/SYSTOLIC_ARRAY/PE03/clk_IBUF_BUFG
    SLICE_X11Y25         FDCE                                         r  SOC/AI_BUS/ACCELERATOR/COMPUTE_ENGINE/SYSTOLIC_ARRAY/PE03/accumulator_reg[30]/C
                         clock pessimism              0.260    15.035    <hidden>
                         clock uncertainty           -0.035    15.000    <hidden>
    SLICE_X11Y25         FDCE (Setup_fdce_C_D)        0.062    15.062    SOC/AI_BUS/ACCELERATOR/COMPUTE_ENGINE/SYSTOLIC_ARRAY/PE03/accumulator_reg[30]
  -------------------------------------------------------------------
                         required time                         15.062    <hidden>
                         arrival time                         -14.799    <hidden>
  -------------------------------------------------------------------
                         slack                                  0.263    <hidden>

Slack (MET) :             0.270ns  (required time - arrival time)
  Source:                 SOC/AI_BUS/ACCELERATOR/COMPUTE_ENGINE/STREAM_CONTROLLER/cycle_reg[1]/C
                            (rising edge-triggered cell FDCE clocked by sys_clk_pin  {rise@0.000ns fall@5.000ns period=10.000ns})
  Destination:            SOC/AI_BUS/ACCELERATOR/COMPUTE_ENGINE/SYSTOLIC_ARRAY/PE02/accumulator_reg[31]/D
                            (rising edge-triggered cell FDCE clocked by sys_clk_pin  {rise@0.000ns fall@5.000ns period=10.000ns})
  Path Group:             sys_clk_pin
  Path Type:              Setup (Max at Slow Process Corner)
  Requirement:            10.000ns  (sys_clk_pin rise@10.000ns - sys_clk_pin rise@0.000ns)
  Data Path Delay:        9.776ns  (logic 4.617ns (47.227%)  route 5.159ns (52.773%))
  Logic Levels:           17  (CARRY4=10 LUT2=2 LUT3=2 LUT4=1 LUT6=2)
  Clock Path Skew:        0.020ns (DCD - SCD + CPR)
    Destination Clock Delay (DCD):    4.846ns = ( 14.846 - 10.000 ) 
    Source Clock Delay      (SCD):    5.086ns
    Clock Pessimism Removal (CPR):    0.260ns
  Clock Uncertainty:      0.035ns  ((TSJ^2 + TIJ^2)^1/2 + DJ) / 2 + PE
    Total System Jitter     (TSJ):    0.071ns
    Total Input Jitter      (TIJ):    0.000ns
    Discrete Jitter          (DJ):    0.000ns
    Phase Error              (PE):    0.000ns

    Location             Delay type                Incr(ns)  Path(ns)    Netlist Resource(s)
  -------------------------------------------------------------------    -------------------
                         (clock sys_clk_pin rise edge)
                                                      0.000     0.000 r  <hidden>
    W5                                                0.000     0.000 r  clk
                         net (fo=0)                   0.000     0.000    clk
    W5                   IBUF (Prop_ibuf_I_O)         1.458     1.458 r  clk_IBUF_inst/O
                         net (fo=1, routed)           1.967     3.425    clk_IBUF
    BUFGCTRL_X0Y0        BUFG (Prop_bufg_I_O)         0.096     3.521 r  clk_IBUF_BUFG_inst/O
                         net (fo=10886, routed)       1.565     5.086    SOC/AI_BUS/ACCELERATOR/COMPUTE_ENGINE/STREAM_CONTROLLER/clk_IBUF_BUFG
    SLICE_X12Y12         FDCE                                         r  SOC/AI_BUS/ACCELERATOR/COMPUTE_ENGINE/STREAM_CONTROLLER/cycle_reg[1]/C
  -------------------------------------------------------------------    -------------------
    SLICE_X12Y12         FDCE (Prop_fdce_C_Q)         0.518     5.604 f  SOC/AI_BUS/ACCELERATOR/COMPUTE_ENGINE/STREAM_CONTROLLER/cycle_reg[1]/Q
                         net (fo=104, routed)         0.961     6.566    SOC/AI_BUS/ACCELERATOR/COMPUTE_ENGINE/STREAM_CONTROLLER/cycle_reg_n_0_[1]
    SLICE_X10Y13         LUT3 (Prop_lut3_I1_O)        0.124     6.690 f  SOC/AI_BUS/ACCELERATOR/COMPUTE_ENGINE/STREAM_CONTROLLER/b_out[7]_i_2__1/O
                         net (fo=16, routed)          0.785     7.475    SOC/AI_BUS/ACCELERATOR/COMPUTE_ENGINE/STREAM_CONTROLLER/b_out[7]_i_2__1_n_0
    SLICE_X10Y13         LUT6 (Prop_lut6_I2_O)        0.124     7.599 f  SOC/AI_BUS/ACCELERATOR/COMPUTE_ENGINE/STREAM_CONTROLLER/b_out[0]_i_1__0/O
                         net (fo=17, routed)          0.796     8.395    SOC/AI_BUS/ACCELERATOR/COMPUTE_ENGINE/SYSTOLIC_ARRAY/PE01/D[0]
    SLICE_X9Y14          LUT2 (Prop_lut2_I1_O)        0.153     8.548 r  SOC/AI_BUS/ACCELERATOR/COMPUTE_ENGINE/SYSTOLIC_ARRAY/PE01/accumulator1__0_carry_i_8__2/O
                         net (fo=1, routed)           0.466     9.014    SOC/AI_BUS/ACCELERATOR/COMPUTE_ENGINE/SYSTOLIC_ARRAY/PE01/accumulator1__0_carry_i_8__2_n_0
    SLICE_X9Y15          LUT6 (Prop_lut6_I1_O)        0.327     9.341 r  SOC/AI_BUS/ACCELERATOR/COMPUTE_ENGINE/SYSTOLIC_ARRAY/PE01/accumulator1__0_carry_i_4__1/O
                         net (fo=1, routed)           0.000     9.341    SOC/AI_BUS/ACCELERATOR/COMPUTE_ENGINE/SYSTOLIC_ARRAY/PE02/S[3]
    SLICE_X9Y15          CARRY4 (Prop_carry4_S[3]_CO[3])
                                                      0.401     9.742 r  SOC/AI_BUS/ACCELERATOR/COMPUTE_ENGINE/SYSTOLIC_ARRAY/PE02/accumulator1__0_carry/CO[3]
                         net (fo=1, routed)           0.000     9.742    SOC/AI_BUS/ACCELERATOR/COMPUTE_ENGINE/SYSTOLIC_ARRAY/PE02/accumulator1__0_carry_n_0
    SLICE_X9Y16          CARRY4 (Prop_carry4_CI_CO[3])
                                                      0.114     9.856 r  SOC/AI_BUS/ACCELERATOR/COMPUTE_ENGINE/SYSTOLIC_ARRAY/PE02/accumulator1__0_carry__0/CO[3]
                         net (fo=1, routed)           0.000     9.856    SOC/AI_BUS/ACCELERATOR/COMPUTE_ENGINE/SYSTOLIC_ARRAY/PE02/accumulator1__0_carry__0_n_0
    SLICE_X9Y17          CARRY4 (Prop_carry4_CI_O[0])
                                                      0.222    10.078 r  SOC/AI_BUS/ACCELERATOR/COMPUTE_ENGINE/SYSTOLIC_ARRAY/PE02/accumulator1__0_carry__1/O[0]
                         net (fo=2, routed)           0.801    10.879    SOC/AI_BUS/ACCELERATOR/COMPUTE_ENGINE/SYSTOLIC_ARRAY/PE02/accumulator1__0_carry__1_n_7
    SLICE_X11Y16         LUT3 (Prop_lut3_I0_O)        0.299    11.178 r  SOC/AI_BUS/ACCELERATOR/COMPUTE_ENGINE/SYSTOLIC_ARRAY/PE02/accumulator1__86_carry__0_i_3__1/O
                         net (fo=2, routed)           0.634    11.812    SOC/AI_BUS/ACCELERATOR/COMPUTE_ENGINE/SYSTOLIC_ARRAY/PE02/accumulator1__86_carry__0_i_3__1_n_0
    SLICE_X8Y16          LUT4 (Prop_lut4_I3_O)        0.124    11.936 r  SOC/AI_BUS/ACCELERATOR/COMPUTE_ENGINE/SYSTOLIC_ARRAY/PE02/accumulator1__86_carry__0_i_7__1/O
                         net (fo=1, routed)           0.000    11.936    SOC/AI_BUS/ACCELERATOR/COMPUTE_ENGINE/SYSTOLIC_ARRAY/PE02/accumulator1__86_carry__0_i_7__1_n_0
    SLICE_X8Y16          CARRY4 (Prop_carry4_S[1]_CO[3])
                                                      0.533    12.469 r  SOC/AI_BUS/ACCELERATOR/COMPUTE_ENGINE/SYSTOLIC_ARRAY/PE02/accumulator1__86_carry__0/CO[3]
                         net (fo=1, routed)           0.000    12.469    SOC/AI_BUS/ACCELERATOR/COMPUTE_ENGINE/SYSTOLIC_ARRAY/PE02/accumulator1__86_carry__0_n_0
    SLICE_X8Y17          CARRY4 (Prop_carry4_CI_O[3])
                                                      0.315    12.784 r  SOC/AI_BUS/ACCELERATOR/COMPUTE_ENGINE/SYSTOLIC_ARRAY/PE02/accumulator1__86_carry__1/O[3]
                         net (fo=33, routed)          0.716    13.499    SOC/AI_BUS/ACCELERATOR/COMPUTE_ENGINE/STREAM_CONTROLLER/accumulator_reg[15]_6[3]
    SLICE_X7Y17          LUT2 (Prop_lut2_I0_O)        0.307    13.806 r  SOC/AI_BUS/ACCELERATOR/COMPUTE_ENGINE/STREAM_CONTROLLER/accumulator[12]_i_2__1/O
                         net (fo=1, routed)           0.000    13.806    SOC/AI_BUS/ACCELERATOR/COMPUTE_ENGINE/STREAM_CONTROLLER/accumulator[12]_i_2__1_n_0
    SLICE_X7Y17          CARRY4 (Prop_carry4_S[3]_CO[3])
                                                      0.401    14.207 r  SOC/AI_BUS/ACCELERATOR/COMPUTE_ENGINE/STREAM_CONTROLLER/accumulator_reg[12]_i_1__1/CO[3]
                         net (fo=1, routed)           0.000    14.207    SOC/AI_BUS/ACCELERATOR/COMPUTE_ENGINE/STREAM_CONTROLLER/accumulator_reg[12]_i_1__1_n_0
    SLICE_X7Y18          CARRY4 (Prop_carry4_CI_CO[3])
                                                      0.114    14.321 r  SOC/AI_BUS/ACCELERATOR/COMPUTE_ENGINE/STREAM_CONTROLLER/accumulator_reg[16]_i_1__1/CO[3]
                         net (fo=1, routed)           0.000    14.321    SOC/AI_BUS/ACCELERATOR/COMPUTE_ENGINE/STREAM_CONTROLLER/accumulator_reg[16]_i_1__1_n_0
    SLICE_X7Y19          CARRY4 (Prop_carry4_CI_CO[3])
                                                      0.114    14.435 r  SOC/AI_BUS/ACCELERATOR/COMPUTE_ENGINE/STREAM_CONTROLLER/accumulator_reg[20]_i_1__1/CO[3]
                         net (fo=1, routed)           0.000    14.435    SOC/AI_BUS/ACCELERATOR/COMPUTE_ENGINE/STREAM_CONTROLLER/accumulator_reg[20]_i_1__1_n_0
    SLICE_X7Y20          CARRY4 (Prop_carry4_CI_CO[3])
                                                      0.114    14.549 r  SOC/AI_BUS/ACCELERATOR/COMPUTE_ENGINE/STREAM_CONTROLLER/accumulator_reg[24]_i_1__1/CO[3]
                         net (fo=1, routed)           0.000    14.549    SOC/AI_BUS/ACCELERATOR/COMPUTE_ENGINE/STREAM_CONTROLLER/accumulator_reg[24]_i_1__1_n_0
    SLICE_X7Y21          CARRY4 (Prop_carry4_CI_O[3])
                                                      0.313    14.862 r  SOC/AI_BUS/ACCELERATOR/COMPUTE_ENGINE/STREAM_CONTROLLER/accumulator_reg[28]_i_1__1/O[3]
                         net (fo=1, routed)           0.000    14.862    SOC/AI_BUS/ACCELERATOR/COMPUTE_ENGINE/SYSTOLIC_ARRAY/PE02/accumulator_reg[31]_2[3]
    SLICE_X7Y21          FDCE                                         r  SOC/AI_BUS/ACCELERATOR/COMPUTE_ENGINE/SYSTOLIC_ARRAY/PE02/accumulator_reg[31]/D
  -------------------------------------------------------------------    -------------------

                         (clock sys_clk_pin rise edge)
                                                     10.000    10.000 r  <hidden>
    W5                                                0.000    10.000 r  clk
                         net (fo=0)                   0.000    10.000    clk
    W5                   IBUF (Prop_ibuf_I_O)         1.388    11.388 r  clk_IBUF_inst/O
                         net (fo=1, routed)           1.862    13.250    clk_IBUF
    BUFGCTRL_X0Y0        BUFG (Prop_bufg_I_O)         0.091    13.341 r  clk_IBUF_BUFG_inst/O
                         net (fo=10886, routed)       1.505    14.846    SOC/AI_BUS/ACCELERATOR/COMPUTE_ENGINE/SYSTOLIC_ARRAY/PE02/clk_IBUF_BUFG
    SLICE_X7Y21          FDCE                                         r  SOC/AI_BUS/ACCELERATOR/COMPUTE_ENGINE/SYSTOLIC_ARRAY/PE02/accumulator_reg[31]/C
                         clock pessimism              0.260    15.106    <hidden>
                         clock uncertainty           -0.035    15.071    <hidden>
    SLICE_X7Y21          FDCE (Setup_fdce_C_D)        0.062    15.133    SOC/AI_BUS/ACCELERATOR/COMPUTE_ENGINE/SYSTOLIC_ARRAY/PE02/accumulator_reg[31]
  -------------------------------------------------------------------
                         required time                         15.133    <hidden>
                         arrival time                         -14.862    <hidden>
  -------------------------------------------------------------------
                         slack                                  0.270    <hidden>

Slack (MET) :             0.276ns  (required time - arrival time)
  Source:                 SOC/AI_BUS/ACCELERATOR/COMPUTE_ENGINE/STREAM_CONTROLLER/cycle_reg[1]/C
                            (rising edge-triggered cell FDCE clocked by sys_clk_pin  {rise@0.000ns fall@5.000ns period=10.000ns})
  Destination:            SOC/AI_BUS/ACCELERATOR/COMPUTE_ENGINE/SYSTOLIC_ARRAY/PE00/accumulator_reg[30]/D
                            (rising edge-triggered cell FDCE clocked by sys_clk_pin  {rise@0.000ns fall@5.000ns period=10.000ns})
  Path Group:             sys_clk_pin
  Path Type:              Setup (Max at Slow Process Corner)
  Requirement:            10.000ns  (sys_clk_pin rise@10.000ns - sys_clk_pin rise@0.000ns)
  Data Path Delay:        9.771ns  (logic 4.202ns (43.006%)  route 5.569ns (56.993%))
  Logic Levels:           14  (CARRY4=9 LUT2=1 LUT3=1 LUT5=1 LUT6=2)
  Clock Path Skew:        0.020ns (DCD - SCD + CPR)
    Destination Clock Delay (DCD):    4.846ns = ( 14.846 - 10.000 ) 
    Source Clock Delay      (SCD):    5.086ns
    Clock Pessimism Removal (CPR):    0.260ns
  Clock Uncertainty:      0.035ns  ((TSJ^2 + TIJ^2)^1/2 + DJ) / 2 + PE
    Total System Jitter     (TSJ):    0.071ns
    Total Input Jitter      (TIJ):    0.000ns
    Discrete Jitter          (DJ):    0.000ns
    Phase Error              (PE):    0.000ns

    Location             Delay type                Incr(ns)  Path(ns)    Netlist Resource(s)
  -------------------------------------------------------------------    -------------------
                         (clock sys_clk_pin rise edge)
                                                      0.000     0.000 r  <hidden>
    W5                                                0.000     0.000 r  clk
                         net (fo=0)                   0.000     0.000    clk
    W5                   IBUF (Prop_ibuf_I_O)         1.458     1.458 r  clk_IBUF_inst/O
                         net (fo=1, routed)           1.967     3.425    clk_IBUF
    BUFGCTRL_X0Y0        BUFG (Prop_bufg_I_O)         0.096     3.521 r  clk_IBUF_BUFG_inst/O
                         net (fo=10886, routed)       1.565     5.086    SOC/AI_BUS/ACCELERATOR/COMPUTE_ENGINE/STREAM_CONTROLLER/clk_IBUF_BUFG
    SLICE_X12Y12         FDCE                                         r  SOC/AI_BUS/ACCELERATOR/COMPUTE_ENGINE/STREAM_CONTROLLER/cycle_reg[1]/C
  -------------------------------------------------------------------    -------------------
    SLICE_X12Y12         FDCE (Prop_fdce_C_Q)         0.518     5.604 r  SOC/AI_BUS/ACCELERATOR/COMPUTE_ENGINE/STREAM_CONTROLLER/cycle_reg[1]/Q
                         net (fo=104, routed)         1.362     6.967    SOC/AI_BUS/ACCELERATOR/COMPUTE_ENGINE/STREAM_CONTROLLER/cycle_reg_n_0_[1]
    SLICE_X6Y11          LUT6 (Prop_lut6_I3_O)        0.124     7.091 r  SOC/AI_BUS/ACCELERATOR/COMPUTE_ENGINE/STREAM_CONTROLLER/b_out[0]_i_2__0/O
                         net (fo=1, routed)           0.455     7.545    SOC/AI_BUS/ACCELERATOR/COMPUTE_ENGINE/STREAM_CONTROLLER/b_out[0]_i_2__0_n_0
    SLICE_X6Y13          LUT5 (Prop_lut5_I4_O)        0.124     7.669 r  SOC/AI_BUS/ACCELERATOR/COMPUTE_ENGINE/STREAM_CONTROLLER/b_out[0]_i_1__1/O
                         net (fo=17, routed)          1.071     8.740    SOC/AI_BUS/ACCELERATOR/COMPUTE_ENGINE/STREAM_CONTROLLER/B[0]
    SLICE_X4Y13          LUT6 (Prop_lut6_I0_O)        0.124     8.864 r  SOC/AI_BUS/ACCELERATOR/COMPUTE_ENGINE/STREAM_CONTROLLER/accumulator1__0_carry_i_1/O
                         net (fo=1, routed)           0.758     9.622    SOC/AI_BUS/ACCELERATOR/COMPUTE_ENGINE/SYSTOLIC_ARRAY/PE00/accumulator_reg[3]_0[2]
    SLICE_X2Y13          CARRY4 (Prop_carry4_DI[3]_CO[3])
                                                      0.396    10.018 r  SOC/AI_BUS/ACCELERATOR/COMPUTE_ENGINE/SYSTOLIC_ARRAY/PE00/accumulator1__0_carry/CO[3]
                         net (fo=1, routed)           0.000    10.018    SOC/AI_BUS/ACCELERATOR/COMPUTE_ENGINE/SYSTOLIC_ARRAY/PE00/accumulator1__0_carry_n_0
    SLICE_X2Y14          CARRY4 (Prop_carry4_CI_O[3])
                                                      0.315    10.333 r  SOC/AI_BUS/ACCELERATOR/COMPUTE_ENGINE/SYSTOLIC_ARRAY/PE00/accumulator1__0_carry__0/O[3]
                         net (fo=2, routed)           0.772    11.106    SOC/AI_BUS/ACCELERATOR/COMPUTE_ENGINE/SYSTOLIC_ARRAY/PE00/accumulator1__0_carry__0_n_4
    SLICE_X2Y17          LUT3 (Prop_lut3_I0_O)        0.307    11.413 r  SOC/AI_BUS/ACCELERATOR/COMPUTE_ENGINE/SYSTOLIC_ARRAY/PE00/accumulator1__86_carry__0_i_4/O
                         net (fo=2, routed)           0.646    12.059    SOC/AI_BUS/ACCELERATOR/COMPUTE_ENGINE/SYSTOLIC_ARRAY/PE00/accumulator1__86_carry__0_i_4_n_0
    SLICE_X1Y18          CARRY4 (Prop_carry4_DI[0]_CO[3])
                                                      0.526    12.585 r  SOC/AI_BUS/ACCELERATOR/COMPUTE_ENGINE/SYSTOLIC_ARRAY/PE00/accumulator1__86_carry__0/CO[3]
                         net (fo=1, routed)           0.000    12.585    SOC/AI_BUS/ACCELERATOR/COMPUTE_ENGINE/SYSTOLIC_ARRAY/PE00/accumulator1__86_carry__0_n_0
    SLICE_X1Y19          CARRY4 (Prop_carry4_CI_O[1])
                                                      0.334    12.919 r  SOC/AI_BUS/ACCELERATOR/COMPUTE_ENGINE/SYSTOLIC_ARRAY/PE00/accumulator1__86_carry__1/O[1]
                         net (fo=2, routed)           0.504    13.423    SOC/AI_BUS/ACCELERATOR/COMPUTE_ENGINE/STREAM_CONTROLLER/accumulator_reg[15]_2[1]
    SLICE_X0Y18          LUT2 (Prop_lut2_I0_O)        0.303    13.726 r  SOC/AI_BUS/ACCELERATOR/COMPUTE_ENGINE/STREAM_CONTROLLER/accumulator[12]_i_4/O
                         net (fo=1, routed)           0.000    13.726    SOC/AI_BUS/ACCELERATOR/COMPUTE_ENGINE/STREAM_CONTROLLER/accumulator[12]_i_4_n_0
    SLICE_X0Y18          CARRY4 (Prop_carry4_S[1]_CO[3])
                                                      0.550    14.276 r  SOC/AI_BUS/ACCELERATOR/COMPUTE_ENGINE/STREAM_CONTROLLER/accumulator_reg[12]_i_1/CO[3]
                         net (fo=1, routed)           0.000    14.276    SOC/AI_BUS/ACCELERATOR/COMPUTE_ENGINE/STREAM_CONTROLLER/accumulator_reg[12]_i_1_n_0
    SLICE_X0Y19          CARRY4 (Prop_carry4_CI_CO[3])
                                                      0.114    14.390 r  SOC/AI_BUS/ACCELERATOR/COMPUTE_ENGINE/STREAM_CONTROLLER/accumulator_reg[16]_i_1/CO[3]
                         net (fo=1, routed)           0.000    14.390    SOC/AI_BUS/ACCELERATOR/COMPUTE_ENGINE/STREAM_CONTROLLER/accumulator_reg[16]_i_1_n_0
    SLICE_X0Y20          CARRY4 (Prop_carry4_CI_CO[3])
                                                      0.114    14.504 r  SOC/AI_BUS/ACCELERATOR/COMPUTE_ENGINE/STREAM_CONTROLLER/accumulator_reg[20]_i_1/CO[3]
                         net (fo=1, routed)           0.000    14.504    SOC/AI_BUS/ACCELERATOR/COMPUTE_ENGINE/STREAM_CONTROLLER/accumulator_reg[20]_i_1_n_0
    SLICE_X0Y21          CARRY4 (Prop_carry4_CI_CO[3])
                                                      0.114    14.618 r  SOC/AI_BUS/ACCELERATOR/COMPUTE_ENGINE/STREAM_CONTROLLER/accumulator_reg[24]_i_1/CO[3]
                         net (fo=1, routed)           0.000    14.618    SOC/AI_BUS/ACCELERATOR/COMPUTE_ENGINE/STREAM_CONTROLLER/accumulator_reg[24]_i_1_n_0
    SLICE_X0Y22          CARRY4 (Prop_carry4_CI_O[2])
                                                      0.239    14.857 r  SOC/AI_BUS/ACCELERATOR/COMPUTE_ENGINE/STREAM_CONTROLLER/accumulator_reg[28]_i_1/O[2]
                         net (fo=1, routed)           0.000    14.857    SOC/AI_BUS/ACCELERATOR/COMPUTE_ENGINE/SYSTOLIC_ARRAY/PE00/accumulator_reg[31]_2[2]
    SLICE_X0Y22          FDCE                                         r  SOC/AI_BUS/ACCELERATOR/COMPUTE_ENGINE/SYSTOLIC_ARRAY/PE00/accumulator_reg[30]/D
  -------------------------------------------------------------------    -------------------

                         (clock sys_clk_pin rise edge)
                                                     10.000    10.000 r  <hidden>
    W5                                                0.000    10.000 r  clk
                         net (fo=0)                   0.000    10.000    clk
    W5                   IBUF (Prop_ibuf_I_O)         1.388    11.388 r  clk_IBUF_inst/O
                         net (fo=1, routed)           1.862    13.250    clk_IBUF
    BUFGCTRL_X0Y0        BUFG (Prop_bufg_I_O)         0.091    13.341 r  clk_IBUF_BUFG_inst/O
                         net (fo=10886, routed)       1.505    14.846    SOC/AI_BUS/ACCELERATOR/COMPUTE_ENGINE/SYSTOLIC_ARRAY/PE00/clk_IBUF_BUFG
    SLICE_X0Y22          FDCE                                         r  SOC/AI_BUS/ACCELERATOR/COMPUTE_ENGINE/SYSTOLIC_ARRAY/PE00/accumulator_reg[30]/C
                         clock pessimism              0.260    15.106    <hidden>
                         clock uncertainty           -0.035    15.071    <hidden>
    SLICE_X0Y22          FDCE (Setup_fdce_C_D)        0.062    15.133    SOC/AI_BUS/ACCELERATOR/COMPUTE_ENGINE/SYSTOLIC_ARRAY/PE00/accumulator_reg[30]
  -------------------------------------------------------------------
                         required time                         15.133    <hidden>
                         arrival time                         -14.857    <hidden>
  -------------------------------------------------------------------
                         slack                                  0.276    <hidden>





Min Delay Paths
--------------------------------------------------------------------------------------
Slack (MET) :             0.044ns  (arrival time - required time)
  Source:                 SOC/CPU/exmem_store_data_reg[16]_rep__1/C
                            (rising edge-triggered cell FDCE clocked by sys_clk_pin  {rise@0.000ns fall@5.000ns period=10.000ns})
  Destination:            SOC/data_ram_reg[102][16]/D
                            (rising edge-triggered cell FDCE clocked by sys_clk_pin  {rise@0.000ns fall@5.000ns period=10.000ns})
  Path Group:             sys_clk_pin
  Path Type:              Hold (Min at Fast Process Corner)
  Requirement:            0.000ns  (sys_clk_pin rise@0.000ns - sys_clk_pin rise@0.000ns)
  Data Path Delay:        0.300ns  (logic 0.128ns (42.634%)  route 0.172ns (57.366%))
  Logic Levels:           0  
  Clock Path Skew:        0.263ns (DCD - SCD - CPR)
    Destination Clock Delay (DCD):    1.949ns
    Source Clock Delay      (SCD):    1.437ns
    Clock Pessimism Removal (CPR):    0.249ns

    Location             Delay type                Incr(ns)  Path(ns)    Netlist Resource(s)
  -------------------------------------------------------------------    -------------------
                         (clock sys_clk_pin rise edge)
                                                      0.000     0.000 r  <hidden>
    W5                                                0.000     0.000 r  clk
                         net (fo=0)                   0.000     0.000    clk
    W5                   IBUF (Prop_ibuf_I_O)         0.226     0.226 r  clk_IBUF_inst/O
                         net (fo=1, routed)           0.631     0.858    clk_IBUF
    BUFGCTRL_X0Y0        BUFG (Prop_bufg_I_O)         0.026     0.884 r  clk_IBUF_BUFG_inst/O
                         net (fo=10886, routed)       0.554     1.437    SOC/CPU/clk_IBUF_BUFG
    SLICE_X35Y67         FDCE                                         r  SOC/CPU/exmem_store_data_reg[16]_rep__1/C
  -------------------------------------------------------------------    -------------------
    SLICE_X35Y67         FDCE (Prop_fdce_C_Q)         0.128     1.565 r  SOC/CPU/exmem_store_data_reg[16]_rep__1/Q
                         net (fo=64, routed)          0.172     1.737    SOC/CPU_n_385
    SLICE_X39Y67         FDCE                                         r  SOC/data_ram_reg[102][16]/D
  -------------------------------------------------------------------    -------------------

                         (clock sys_clk_pin rise edge)
                                                      0.000     0.000 r  <hidden>
    W5                                                0.000     0.000 r  clk
                         net (fo=0)                   0.000     0.000    clk
    W5                   IBUF (Prop_ibuf_I_O)         0.414     0.414 r  clk_IBUF_inst/O
                         net (fo=1, routed)           0.685     1.099    clk_IBUF
    BUFGCTRL_X0Y0        BUFG (Prop_bufg_I_O)         0.029     1.128 r  clk_IBUF_BUFG_inst/O
                         net (fo=10886, routed)       0.821     1.949    SOC/clk_IBUF_BUFG
    SLICE_X39Y67         FDCE                                         r  SOC/data_ram_reg[102][16]/C
                         clock pessimism             -0.249     1.700    <hidden>
    SLICE_X39Y67         FDCE (Hold_fdce_C_D)        -0.007     1.693    SOC/data_ram_reg[102][16]
  -------------------------------------------------------------------
                         required time                         -1.693    <hidden>
                         arrival time                           1.737    <hidden>
  -------------------------------------------------------------------
                         slack                                  0.044    <hidden>

Slack (MET) :             0.046ns  (arrival time - required time)
  Source:                 SOC/CPU/exmem_store_data_reg[1]_rep__1/C
                            (rising edge-triggered cell FDCE clocked by sys_clk_pin  {rise@0.000ns fall@5.000ns period=10.000ns})
  Destination:            SOC/data_ram_reg[111][1]/D
                            (rising edge-triggered cell FDCE clocked by sys_clk_pin  {rise@0.000ns fall@5.000ns period=10.000ns})
  Path Group:             sys_clk_pin
  Path Type:              Hold (Min at Fast Process Corner)
  Requirement:            0.000ns  (sys_clk_pin rise@0.000ns - sys_clk_pin rise@0.000ns)
  Data Path Delay:        0.380ns  (logic 0.141ns (37.116%)  route 0.239ns (62.884%))
  Logic Levels:           0  
  Clock Path Skew:        0.262ns (DCD - SCD - CPR)
    Destination Clock Delay (DCD):    1.958ns
    Source Clock Delay      (SCD):    1.447ns
    Clock Pessimism Removal (CPR):    0.249ns

    Location             Delay type                Incr(ns)  Path(ns)    Netlist Resource(s)
  -------------------------------------------------------------------    -------------------
                         (clock sys_clk_pin rise edge)
                                                      0.000     0.000 r  <hidden>
    W5                                                0.000     0.000 r  clk
                         net (fo=0)                   0.000     0.000    clk
    W5                   IBUF (Prop_ibuf_I_O)         0.226     0.226 r  clk_IBUF_inst/O
                         net (fo=1, routed)           0.631     0.858    clk_IBUF
    BUFGCTRL_X0Y0        BUFG (Prop_bufg_I_O)         0.026     0.884 r  clk_IBUF_BUFG_inst/O
                         net (fo=10886, routed)       0.564     1.447    SOC/CPU/clk_IBUF_BUFG
    SLICE_X36Y48         FDCE                                         r  SOC/CPU/exmem_store_data_reg[1]_rep__1/C
  -------------------------------------------------------------------    -------------------
    SLICE_X36Y48         FDCE (Prop_fdce_C_Q)         0.141     1.588 r  SOC/CPU/exmem_store_data_reg[1]_rep__1/Q
                         net (fo=64, routed)          0.239     1.827    SOC/CPU_n_400
    SLICE_X35Y46         FDCE                                         r  SOC/data_ram_reg[111][1]/D
  -------------------------------------------------------------------    -------------------

                         (clock sys_clk_pin rise edge)
                                                      0.000     0.000 r  <hidden>
    W5                                                0.000     0.000 r  clk
                         net (fo=0)                   0.000     0.000    clk
    W5                   IBUF (Prop_ibuf_I_O)         0.414     0.414 r  clk_IBUF_inst/O
                         net (fo=1, routed)           0.685     1.099    clk_IBUF
    BUFGCTRL_X0Y0        BUFG (Prop_bufg_I_O)         0.029     1.128 r  clk_IBUF_BUFG_inst/O
                         net (fo=10886, routed)       0.831     1.958    SOC/clk_IBUF_BUFG
    SLICE_X35Y46         FDCE                                         r  SOC/data_ram_reg[111][1]/C
                         clock pessimism             -0.249     1.709    <hidden>
    SLICE_X35Y46         FDCE (Hold_fdce_C_D)         0.072     1.781    SOC/data_ram_reg[111][1]
  -------------------------------------------------------------------
                         required time                         -1.781    <hidden>
                         arrival time                           1.827    <hidden>
  -------------------------------------------------------------------
                         slack                                  0.046    <hidden>

Slack (MET) :             0.067ns  (arrival time - required time)
  Source:                 SOC/CPU/exmem_store_data_reg[1]_rep/C
                            (rising edge-triggered cell FDCE clocked by sys_clk_pin  {rise@0.000ns fall@5.000ns period=10.000ns})
  Destination:            SOC/data_ram_reg[230][1]/D
                            (rising edge-triggered cell FDCE clocked by sys_clk_pin  {rise@0.000ns fall@5.000ns period=10.000ns})
  Path Group:             sys_clk_pin
  Path Type:              Hold (Min at Fast Process Corner)
  Requirement:            0.000ns  (sys_clk_pin rise@0.000ns - sys_clk_pin rise@0.000ns)
  Data Path Delay:        0.406ns  (logic 0.141ns (34.725%)  route 0.265ns (65.275%))
  Logic Levels:           0  
  Clock Path Skew:        0.267ns (DCD - SCD - CPR)
    Destination Clock Delay (DCD):    1.958ns
    Source Clock Delay      (SCD):    1.447ns
    Clock Pessimism Removal (CPR):    0.244ns

    Location             Delay type                Incr(ns)  Path(ns)    Netlist Resource(s)
  -------------------------------------------------------------------    -------------------
                         (clock sys_clk_pin rise edge)
                                                      0.000     0.000 r  <hidden>
    W5                                                0.000     0.000 r  clk
                         net (fo=0)                   0.000     0.000    clk
    W5                   IBUF (Prop_ibuf_I_O)         0.226     0.226 r  clk_IBUF_inst/O
                         net (fo=1, routed)           0.631     0.858    clk_IBUF
    BUFGCTRL_X0Y0        BUFG (Prop_bufg_I_O)         0.026     0.884 r  clk_IBUF_BUFG_inst/O
                         net (fo=10886, routed)       0.564     1.447    SOC/CPU/clk_IBUF_BUFG
    SLICE_X36Y48         FDCE                                         r  SOC/CPU/exmem_store_data_reg[1]_rep/C
  -------------------------------------------------------------------    -------------------
    SLICE_X36Y48         FDCE (Prop_fdce_C_Q)         0.141     1.588 r  SOC/CPU/exmem_store_data_reg[1]_rep/Q
                         net (fo=64, routed)          0.265     1.853    SOC/CPU_n_336
    SLICE_X43Y54         FDCE                                         r  SOC/data_ram_reg[230][1]/D
  -------------------------------------------------------------------    -------------------

                         (clock sys_clk_pin rise edge)
                                                      0.000     0.000 r  <hidden>
    W5                                                0.000     0.000 r  clk
                         net (fo=0)                   0.000     0.000    clk
    W5                   IBUF (Prop_ibuf_I_O)         0.414     0.414 r  clk_IBUF_inst/O
                         net (fo=1, routed)           0.685     1.099    clk_IBUF
    BUFGCTRL_X0Y0        BUFG (Prop_bufg_I_O)         0.029     1.128 r  clk_IBUF_BUFG_inst/O
                         net (fo=10886, routed)       0.831     1.958    SOC/clk_IBUF_BUFG
    SLICE_X43Y54         FDCE                                         r  SOC/data_ram_reg[230][1]/C
                         clock pessimism             -0.244     1.714    <hidden>
    SLICE_X43Y54         FDCE (Hold_fdce_C_D)         0.072     1.786    SOC/data_ram_reg[230][1]
  -------------------------------------------------------------------
                         required time                         -1.786    <hidden>
                         arrival time                           1.853    <hidden>
  -------------------------------------------------------------------
                         slack                                  0.067    <hidden>

Slack (MET) :             0.076ns  (arrival time - required time)
  Source:                 SOC/CPU/exmem_store_data_reg[7]_rep__2/C
                            (rising edge-triggered cell FDCE clocked by sys_clk_pin  {rise@0.000ns fall@5.000ns period=10.000ns})
  Destination:            SOC/data_ram_reg[52][7]/D
                            (rising edge-triggered cell FDCE clocked by sys_clk_pin  {rise@0.000ns fall@5.000ns period=10.000ns})
  Path Group:             sys_clk_pin
  Path Type:              Hold (Min at Fast Process Corner)
  Requirement:            0.000ns  (sys_clk_pin rise@0.000ns - sys_clk_pin rise@0.000ns)
  Data Path Delay:        0.401ns  (logic 0.141ns (35.155%)  route 0.260ns (64.845%))
  Logic Levels:           0  
  Clock Path Skew:        0.262ns (DCD - SCD - CPR)
    Destination Clock Delay (DCD):    1.951ns
    Source Clock Delay      (SCD):    1.440ns
    Clock Pessimism Removal (CPR):    0.249ns

    Location             Delay type                Incr(ns)  Path(ns)    Netlist Resource(s)
  -------------------------------------------------------------------    -------------------
                         (clock sys_clk_pin rise edge)
                                                      0.000     0.000 r  <hidden>
    W5                                                0.000     0.000 r  clk
                         net (fo=0)                   0.000     0.000    clk
    W5                   IBUF (Prop_ibuf_I_O)         0.226     0.226 r  clk_IBUF_inst/O
                         net (fo=1, routed)           0.631     0.858    clk_IBUF
    BUFGCTRL_X0Y0        BUFG (Prop_bufg_I_O)         0.026     0.884 r  clk_IBUF_BUFG_inst/O
                         net (fo=10886, routed)       0.557     1.440    SOC/CPU/clk_IBUF_BUFG
    SLICE_X28Y32         FDCE                                         r  SOC/CPU/exmem_store_data_reg[7]_rep__2/C
  -------------------------------------------------------------------    -------------------
    SLICE_X28Y32         FDCE (Prop_fdce_C_Q)         0.141     1.581 r  SOC/CPU/exmem_store_data_reg[7]_rep__2/Q
                         net (fo=64, routed)          0.260     1.841    SOC/CPU_n_426
    SLICE_X38Y32         FDCE                                         r  SOC/data_ram_reg[52][7]/D
  -------------------------------------------------------------------    -------------------

                         (clock sys_clk_pin rise edge)
                                                      0.000     0.000 r  <hidden>
    W5                                                0.000     0.000 r  clk
                         net (fo=0)                   0.000     0.000    clk
    W5                   IBUF (Prop_ibuf_I_O)         0.414     0.414 r  clk_IBUF_inst/O
                         net (fo=1, routed)           0.685     1.099    clk_IBUF
    BUFGCTRL_X0Y0        BUFG (Prop_bufg_I_O)         0.029     1.128 r  clk_IBUF_BUFG_inst/O
                         net (fo=10886, routed)       0.824     1.951    SOC/clk_IBUF_BUFG
    SLICE_X38Y32         FDCE                                         r  SOC/data_ram_reg[52][7]/C
                         clock pessimism             -0.249     1.702    <hidden>
    SLICE_X38Y32         FDCE (Hold_fdce_C_D)         0.063     1.765    SOC/data_ram_reg[52][7]
  -------------------------------------------------------------------
                         required time                         -1.765    <hidden>
                         arrival time                           1.841    <hidden>
  -------------------------------------------------------------------
                         slack                                  0.076    <hidden>

Slack (MET) :             0.078ns  (arrival time - required time)
  Source:                 SOC/CPU/exmem_store_data_reg[5]_rep__1/C
                            (rising edge-triggered cell FDCE clocked by sys_clk_pin  {rise@0.000ns fall@5.000ns period=10.000ns})
  Destination:            SOC/data_ram_reg[102][5]/D
                            (rising edge-triggered cell FDCE clocked by sys_clk_pin  {rise@0.000ns fall@5.000ns period=10.000ns})
  Path Group:             sys_clk_pin
  Path Type:              Hold (Min at Fast Process Corner)
  Requirement:            0.000ns  (sys_clk_pin rise@0.000ns - sys_clk_pin rise@0.000ns)
  Data Path Delay:        0.405ns  (logic 0.141ns (34.801%)  route 0.264ns (65.199%))
  Logic Levels:           0  
  Clock Path Skew:        0.261ns (DCD - SCD - CPR)
    Destination Clock Delay (DCD):    1.944ns
    Source Clock Delay      (SCD):    1.434ns
    Clock Pessimism Removal (CPR):    0.249ns

    Location             Delay type                Incr(ns)  Path(ns)    Netlist Resource(s)
  -------------------------------------------------------------------    -------------------
                         (clock sys_clk_pin rise edge)
                                                      0.000     0.000 r  <hidden>
    W5                                                0.000     0.000 r  clk
                         net (fo=0)                   0.000     0.000    clk
    W5                   IBUF (Prop_ibuf_I_O)         0.226     0.226 r  clk_IBUF_inst/O
                         net (fo=1, routed)           0.631     0.858    clk_IBUF
    BUFGCTRL_X0Y0        BUFG (Prop_bufg_I_O)         0.026     0.884 r  clk_IBUF_BUFG_inst/O
                         net (fo=10886, routed)       0.551     1.434    SOC/CPU/clk_IBUF_BUFG
    SLICE_X29Y26         FDCE                                         r  SOC/CPU/exmem_store_data_reg[5]_rep__1/C
  -------------------------------------------------------------------    -------------------
    SLICE_X29Y26         FDCE (Prop_fdce_C_Q)         0.141     1.575 r  SOC/CPU/exmem_store_data_reg[5]_rep__1/Q
                         net (fo=64, routed)          0.264     1.839    SOC/CPU_n_396
    SLICE_X36Y26         FDCE                                         r  SOC/data_ram_reg[102][5]/D
  -------------------------------------------------------------------    -------------------

                         (clock sys_clk_pin rise edge)
                                                      0.000     0.000 r  <hidden>
    W5                                                0.000     0.000 r  clk
                         net (fo=0)                   0.000     0.000    clk
    W5                   IBUF (Prop_ibuf_I_O)         0.414     0.414 r  clk_IBUF_inst/O
                         net (fo=1, routed)           0.685     1.099    clk_IBUF
    BUFGCTRL_X0Y0        BUFG (Prop_bufg_I_O)         0.029     1.128 r  clk_IBUF_BUFG_inst/O
                         net (fo=10886, routed)       0.817     1.944    SOC/clk_IBUF_BUFG
    SLICE_X36Y26         FDCE                                         r  SOC/data_ram_reg[102][5]/C
                         clock pessimism             -0.249     1.695    <hidden>
    SLICE_X36Y26         FDCE (Hold_fdce_C_D)         0.066     1.761    SOC/data_ram_reg[102][5]
  -------------------------------------------------------------------
                         required time                         -1.761    <hidden>
                         arrival time                           1.839    <hidden>
  -------------------------------------------------------------------
                         slack                                  0.078    <hidden>

Slack (MET) :             0.096ns  (arrival time - required time)
  Source:                 SOC/CPU/exmem_store_data_reg[31]_rep__2/C
                            (rising edge-triggered cell FDCE clocked by sys_clk_pin  {rise@0.000ns fall@5.000ns period=10.000ns})
  Destination:            SOC/data_ram_reg[44][31]/D
                            (rising edge-triggered cell FDCE clocked by sys_clk_pin  {rise@0.000ns fall@5.000ns period=10.000ns})
  Path Group:             sys_clk_pin
  Path Type:              Hold (Min at Fast Process Corner)
  Requirement:            0.000ns  (sys_clk_pin rise@0.000ns - sys_clk_pin rise@0.000ns)
  Data Path Delay:        0.438ns  (logic 0.141ns (32.182%)  route 0.297ns (67.818%))
  Logic Levels:           0  
  Clock Path Skew:        0.272ns (DCD - SCD - CPR)
    Destination Clock Delay (DCD):    1.964ns
    Source Clock Delay      (SCD):    1.448ns
    Clock Pessimism Removal (CPR):    0.244ns

    Location             Delay type                Incr(ns)  Path(ns)    Netlist Resource(s)
  -------------------------------------------------------------------    -------------------
                         (clock sys_clk_pin rise edge)
                                                      0.000     0.000 r  <hidden>
    W5                                                0.000     0.000 r  clk
                         net (fo=0)                   0.000     0.000    clk
    W5                   IBUF (Prop_ibuf_I_O)         0.226     0.226 r  clk_IBUF_inst/O
                         net (fo=1, routed)           0.631     0.858    clk_IBUF
    BUFGCTRL_X0Y0        BUFG (Prop_bufg_I_O)         0.026     0.884 r  clk_IBUF_BUFG_inst/O
                         net (fo=10886, routed)       0.565     1.448    SOC/CPU/clk_IBUF_BUFG
    SLICE_X11Y52         FDCE                                         r  SOC/CPU/exmem_store_data_reg[31]_rep__2/C
  -------------------------------------------------------------------    -------------------
    SLICE_X11Y52         FDCE (Prop_fdce_C_Q)         0.141     1.589 r  SOC/CPU/exmem_store_data_reg[31]_rep__2/Q
                         net (fo=64, routed)          0.297     1.886    SOC/CPU_n_402
    SLICE_X13Y47         FDCE                                         r  SOC/data_ram_reg[44][31]/D
  -------------------------------------------------------------------    -------------------

                         (clock sys_clk_pin rise edge)
                                                      0.000     0.000 r  <hidden>
    W5                                                0.000     0.000 r  clk
                         net (fo=0)                   0.000     0.000    clk
    W5                   IBUF (Prop_ibuf_I_O)         0.414     0.414 r  clk_IBUF_inst/O
                         net (fo=1, routed)           0.685     1.099    clk_IBUF
    BUFGCTRL_X0Y0        BUFG (Prop_bufg_I_O)         0.029     1.128 r  clk_IBUF_BUFG_inst/O
                         net (fo=10886, routed)       0.837     1.964    SOC/clk_IBUF_BUFG
    SLICE_X13Y47         FDCE                                         r  SOC/data_ram_reg[44][31]/C
                         clock pessimism             -0.244     1.720    <hidden>
    SLICE_X13Y47         FDCE (Hold_fdce_C_D)         0.070     1.790    SOC/data_ram_reg[44][31]
  -------------------------------------------------------------------
                         required time                         -1.790    <hidden>
                         arrival time                           1.886    <hidden>
  -------------------------------------------------------------------
                         slack                                  0.096    <hidden>

Slack (MET) :             0.101ns  (arrival time - required time)
  Source:                 SOC/CPU/idex_rs2_value_reg[15]/C
                            (rising edge-triggered cell FDCE clocked by sys_clk_pin  {rise@0.000ns fall@5.000ns period=10.000ns})
  Destination:            SOC/CPU/exmem_store_data_reg[15]_rep__0/D
                            (rising edge-triggered cell FDCE clocked by sys_clk_pin  {rise@0.000ns fall@5.000ns period=10.000ns})
  Path Group:             sys_clk_pin
  Path Type:              Hold (Min at Fast Process Corner)
  Requirement:            0.000ns  (sys_clk_pin rise@0.000ns - sys_clk_pin rise@0.000ns)
  Data Path Delay:        0.496ns  (logic 0.186ns (37.509%)  route 0.310ns (62.491%))
  Logic Levels:           1  (LUT6=1)
  Clock Path Skew:        0.275ns (DCD - SCD - CPR)
    Destination Clock Delay (DCD):    1.991ns
    Source Clock Delay      (SCD):    1.472ns
    Clock Pessimism Removal (CPR):    0.244ns

    Location             Delay type                Incr(ns)  Path(ns)    Netlist Resource(s)
  -------------------------------------------------------------------    -------------------
                         (clock sys_clk_pin rise edge)
                                                      0.000     0.000 r  <hidden>
    W5                                                0.000     0.000 r  clk
                         net (fo=0)                   0.000     0.000    clk
    W5                   IBUF (Prop_ibuf_I_O)         0.226     0.226 r  clk_IBUF_inst/O
                         net (fo=1, routed)           0.631     0.858    clk_IBUF
    BUFGCTRL_X0Y0        BUFG (Prop_bufg_I_O)         0.026     0.884 r  clk_IBUF_BUFG_inst/O
                         net (fo=10886, routed)       0.589     1.472    SOC/CPU/clk_IBUF_BUFG
    SLICE_X7Y60          FDCE                                         r  SOC/CPU/idex_rs2_value_reg[15]/C
  -------------------------------------------------------------------    -------------------
    SLICE_X7Y60          FDCE (Prop_fdce_C_Q)         0.141     1.613 r  SOC/CPU/idex_rs2_value_reg[15]/Q
                         net (fo=7, routed)           0.310     1.923    SOC/CPU/idex_rs2_value[15]
    SLICE_X6Y46          LUT6 (Prop_lut6_I5_O)        0.045     1.968 r  SOC/CPU/exmem_store_data[15]_rep__0_i_1/O
                         net (fo=1, routed)           0.000     1.968    SOC/CPU/exmem_store_data[15]_rep__0_i_1_n_0
    SLICE_X6Y46          FDCE                                         r  SOC/CPU/exmem_store_data_reg[15]_rep__0/D
  -------------------------------------------------------------------    -------------------

                         (clock sys_clk_pin rise edge)
                                                      0.000     0.000 r  <hidden>
    W5                                                0.000     0.000 r  clk
                         net (fo=0)                   0.000     0.000    clk
    W5                   IBUF (Prop_ibuf_I_O)         0.414     0.414 r  clk_IBUF_inst/O
                         net (fo=1, routed)           0.685     1.099    clk_IBUF
    BUFGCTRL_X0Y0        BUFG (Prop_bufg_I_O)         0.029     1.128 r  clk_IBUF_BUFG_inst/O
                         net (fo=10886, routed)       0.864     1.991    SOC/CPU/clk_IBUF_BUFG
    SLICE_X6Y46          FDCE                                         r  SOC/CPU/exmem_store_data_reg[15]_rep__0/C
                         clock pessimism             -0.244     1.747    <hidden>
    SLICE_X6Y46          FDCE (Hold_fdce_C_D)         0.120     1.867    SOC/CPU/exmem_store_data_reg[15]_rep__0
  -------------------------------------------------------------------
                         required time                         -1.867    <hidden>
                         arrival time                           1.968    <hidden>
  -------------------------------------------------------------------
                         slack                                  0.101    <hidden>

Slack (MET) :             0.103ns  (arrival time - required time)
  Source:                 SOC/CPU/exmem_store_data_reg[5]_rep__0/C
                            (rising edge-triggered cell FDCE clocked by sys_clk_pin  {rise@0.000ns fall@5.000ns period=10.000ns})
  Destination:            SOC/data_ram_reg[145][5]/D
                            (rising edge-triggered cell FDCE clocked by sys_clk_pin  {rise@0.000ns fall@5.000ns period=10.000ns})
  Path Group:             sys_clk_pin
  Path Type:              Hold (Min at Fast Process Corner)
  Requirement:            0.000ns  (sys_clk_pin rise@0.000ns - sys_clk_pin rise@0.000ns)
  Data Path Delay:        0.434ns  (logic 0.141ns (32.513%)  route 0.293ns (67.487%))
  Logic Levels:           0  
  Clock Path Skew:        0.261ns (DCD - SCD - CPR)
    Destination Clock Delay (DCD):    1.944ns
    Source Clock Delay      (SCD):    1.434ns
    Clock Pessimism Removal (CPR):    0.249ns

    Location             Delay type                Incr(ns)  Path(ns)    Netlist Resource(s)
  -------------------------------------------------------------------    -------------------
                         (clock sys_clk_pin rise edge)
                                                      0.000     0.000 r  <hidden>
    W5                                                0.000     0.000 r  clk
                         net (fo=0)                   0.000     0.000    clk
    W5                   IBUF (Prop_ibuf_I_O)         0.226     0.226 r  clk_IBUF_inst/O
                         net (fo=1, routed)           0.631     0.858    clk_IBUF
    BUFGCTRL_X0Y0        BUFG (Prop_bufg_I_O)         0.026     0.884 r  clk_IBUF_BUFG_inst/O
                         net (fo=10886, routed)       0.551     1.434    SOC/CPU/clk_IBUF_BUFG
    SLICE_X29Y26         FDCE                                         r  SOC/CPU/exmem_store_data_reg[5]_rep__0/C
  -------------------------------------------------------------------    -------------------
    SLICE_X29Y26         FDCE (Prop_fdce_C_Q)         0.141     1.575 r  SOC/CPU/exmem_store_data_reg[5]_rep__0/Q
                         net (fo=64, routed)          0.293     1.868    SOC/CPU_n_364
    SLICE_X37Y26         FDCE                                         r  SOC/data_ram_reg[145][5]/D
  -------------------------------------------------------------------    -------------------

                         (clock sys_clk_pin rise edge)
                                                      0.000     0.000 r  <hidden>
    W5                                                0.000     0.000 r  clk
                         net (fo=0)                   0.000     0.000    clk
    W5                   IBUF (Prop_ibuf_I_O)         0.414     0.414 r  clk_IBUF_inst/O
                         net (fo=1, routed)           0.685     1.099    clk_IBUF
    BUFGCTRL_X0Y0        BUFG (Prop_bufg_I_O)         0.029     1.128 r  clk_IBUF_BUFG_inst/O
                         net (fo=10886, routed)       0.817     1.944    SOC/clk_IBUF_BUFG
    SLICE_X37Y26         FDCE                                         r  SOC/data_ram_reg[145][5]/C
                         clock pessimism             -0.249     1.695    <hidden>
    SLICE_X37Y26         FDCE (Hold_fdce_C_D)         0.070     1.765    SOC/data_ram_reg[145][5]
  -------------------------------------------------------------------
                         required time                         -1.765    <hidden>
                         arrival time                           1.868    <hidden>
  -------------------------------------------------------------------
                         slack                                  0.103    <hidden>

Slack (MET) :             0.110ns  (arrival time - required time)
  Source:                 SOC/CPU/exmem_result_reg[10]/C
                            (rising edge-triggered cell FDCE clocked by sys_clk_pin  {rise@0.000ns fall@5.000ns period=10.000ns})
  Destination:            SOC/CPU/memwb_result_reg[10]/D
                            (rising edge-triggered cell FDCE clocked by sys_clk_pin  {rise@0.000ns fall@5.000ns period=10.000ns})
  Path Group:             sys_clk_pin
  Path Type:              Hold (Min at Fast Process Corner)
  Requirement:            0.000ns  (sys_clk_pin rise@0.000ns - sys_clk_pin rise@0.000ns)
  Data Path Delay:        0.473ns  (logic 0.186ns (39.306%)  route 0.287ns (60.694%))
  Logic Levels:           1  (LUT6=1)
  Clock Path Skew:        0.271ns (DCD - SCD - CPR)
    Destination Clock Delay (DCD):    1.963ns
    Source Clock Delay      (SCD):    1.448ns
    Clock Pessimism Removal (CPR):    0.244ns

    Location             Delay type                Incr(ns)  Path(ns)    Netlist Resource(s)
  -------------------------------------------------------------------    -------------------
                         (clock sys_clk_pin rise edge)
                                                      0.000     0.000 r  <hidden>
    W5                                                0.000     0.000 r  clk
                         net (fo=0)                   0.000     0.000    clk
    W5                   IBUF (Prop_ibuf_I_O)         0.226     0.226 r  clk_IBUF_inst/O
                         net (fo=1, routed)           0.631     0.858    clk_IBUF
    BUFGCTRL_X0Y0        BUFG (Prop_bufg_I_O)         0.026     0.884 r  clk_IBUF_BUFG_inst/O
                         net (fo=10886, routed)       0.565     1.448    SOC/CPU/clk_IBUF_BUFG
    SLICE_X9Y51          FDCE                                         r  SOC/CPU/exmem_result_reg[10]/C
  -------------------------------------------------------------------    -------------------
    SLICE_X9Y51          FDCE (Prop_fdce_C_Q)         0.141     1.589 r  SOC/CPU/exmem_result_reg[10]/Q
                         net (fo=4, routed)           0.287     1.876    SOC/CPU/p_0_in_31[3]
    SLICE_X9Y45          LUT6 (Prop_lut6_I5_O)        0.045     1.921 r  SOC/CPU/memwb_result[10]_i_1/O
                         net (fo=1, routed)           0.000     1.921    SOC/CPU/memwb_result[10]_i_1_n_0
    SLICE_X9Y45          FDCE                                         r  SOC/CPU/memwb_result_reg[10]/D
  -------------------------------------------------------------------    -------------------

                         (clock sys_clk_pin rise edge)
                                                      0.000     0.000 r  <hidden>
    W5                                                0.000     0.000 r  clk
                         net (fo=0)                   0.000     0.000    clk
    W5                   IBUF (Prop_ibuf_I_O)         0.414     0.414 r  clk_IBUF_inst/O
                         net (fo=1, routed)           0.685     1.099    clk_IBUF
    BUFGCTRL_X0Y0        BUFG (Prop_bufg_I_O)         0.029     1.128 r  clk_IBUF_BUFG_inst/O
                         net (fo=10886, routed)       0.836     1.963    SOC/CPU/clk_IBUF_BUFG
    SLICE_X9Y45          FDCE                                         r  SOC/CPU/memwb_result_reg[10]/C
                         clock pessimism             -0.244     1.719    <hidden>
    SLICE_X9Y45          FDCE (Hold_fdce_C_D)         0.092     1.811    SOC/CPU/memwb_result_reg[10]
  -------------------------------------------------------------------
                         required time                         -1.811    <hidden>
                         arrival time                           1.921    <hidden>
  -------------------------------------------------------------------
                         slack                                  0.110    <hidden>

Slack (MET) :             0.111ns  (arrival time - required time)
  Source:                 SOC/CPU/exmem_store_data_reg[24]_rep/C
                            (rising edge-triggered cell FDCE clocked by sys_clk_pin  {rise@0.000ns fall@5.000ns period=10.000ns})
  Destination:            SOC/data_ram_reg[211][24]/D
                            (rising edge-triggered cell FDCE clocked by sys_clk_pin  {rise@0.000ns fall@5.000ns period=10.000ns})
  Path Group:             sys_clk_pin
  Path Type:              Hold (Min at Fast Process Corner)
  Requirement:            0.000ns  (sys_clk_pin rise@0.000ns - sys_clk_pin rise@0.000ns)
  Data Path Delay:        0.387ns  (logic 0.128ns (33.101%)  route 0.259ns (66.899%))
  Logic Levels:           0  
  Clock Path Skew:        0.264ns (DCD - SCD - CPR)
    Destination Clock Delay (DCD):    1.957ns
    Source Clock Delay      (SCD):    1.444ns
    Clock Pessimism Removal (CPR):    0.249ns

    Location             Delay type                Incr(ns)  Path(ns)    Netlist Resource(s)
  -------------------------------------------------------------------    -------------------
                         (clock sys_clk_pin rise edge)
                                                      0.000     0.000 r  <hidden>
    W5                                                0.000     0.000 r  clk
                         net (fo=0)                   0.000     0.000    clk
    W5                   IBUF (Prop_ibuf_I_O)         0.226     0.226 r  clk_IBUF_inst/O
                         net (fo=1, routed)           0.631     0.858    clk_IBUF
    BUFGCTRL_X0Y0        BUFG (Prop_bufg_I_O)         0.026     0.884 r  clk_IBUF_BUFG_inst/O
                         net (fo=10886, routed)       0.561     1.444    SOC/CPU/clk_IBUF_BUFG
    SLICE_X36Y55         FDCE                                         r  SOC/CPU/exmem_store_data_reg[24]_rep/C
  -------------------------------------------------------------------    -------------------
    SLICE_X36Y55         FDCE (Prop_fdce_C_Q)         0.128     1.572 r  SOC/CPU/exmem_store_data_reg[24]_rep/Q
                         net (fo=64, routed)          0.259     1.831    SOC/CPU_n_313
    SLICE_X33Y55         FDCE                                         r  SOC/data_ram_reg[211][24]/D
  -------------------------------------------------------------------    -------------------

                         (clock sys_clk_pin rise edge)
                                                      0.000     0.000 r  <hidden>
    W5                                                0.000     0.000 r  clk
                         net (fo=0)                   0.000     0.000    clk
    W5                   IBUF (Prop_ibuf_I_O)         0.414     0.414 r  clk_IBUF_inst/O
                         net (fo=1, routed)           0.685     1.099    clk_IBUF
    BUFGCTRL_X0Y0        BUFG (Prop_bufg_I_O)         0.029     1.128 r  clk_IBUF_BUFG_inst/O
                         net (fo=10886, routed)       0.829     1.957    SOC/clk_IBUF_BUFG
    SLICE_X33Y55         FDCE                                         r  SOC/data_ram_reg[211][24]/C
                         clock pessimism             -0.249     1.708    <hidden>
    SLICE_X33Y55         FDCE (Hold_fdce_C_D)         0.012     1.720    SOC/data_ram_reg[211][24]
  -------------------------------------------------------------------
                         required time                         -1.720    <hidden>
                         arrival time                           1.831    <hidden>
  -------------------------------------------------------------------
                         slack                                  0.111    <hidden>





Pulse Width Checks
--------------------------------------------------------------------------------------
Clock Name:         sys_clk_pin
Waveform(ns):       { 0.000 5.000 }
Period(ns):         10.000
Sources:            { clk }

Check Type        Corner  Lib Pin  Reference Pin  Required(ns)  Actual(ns)  Slack(ns)  Location       Pin
Min Period        n/a     BUFG/I   n/a            2.155         10.000      7.845      BUFGCTRL_X0Y0  clk_IBUF_BUFG_inst/I
Min Period        n/a     FDCE/C   n/a            1.000         10.000      9.000      SLICE_X8Y68    pass_latched_reg/C
Min Period        n/a     FDPE/C   n/a            1.000         10.000      9.000      SLICE_X55Y0    SOC/data_ram_reg[0][0]/C
Min Period        n/a     FDCE/C   n/a            1.000         10.000      9.000      SLICE_X42Y6    SOC/data_ram_reg[0][10]/C
Min Period        n/a     FDCE/C   n/a            1.000         10.000      9.000      SLICE_X42Y6    SOC/data_ram_reg[0][11]/C
Min Period        n/a     FDCE/C   n/a            1.000         10.000      9.000      SLICE_X55Y0    SOC/data_ram_reg[0][12]/C
Min Period        n/a     FDCE/C   n/a            1.000         10.000      9.000      SLICE_X28Y23   SOC/data_ram_reg[0][13]/C
Min Period        n/a     FDCE/C   n/a            1.000         10.000      9.000      SLICE_X28Y23   SOC/data_ram_reg[0][14]/C
Min Period        n/a     FDCE/C   n/a            1.000         10.000      9.000      SLICE_X38Y39   SOC/data_ram_reg[0][15]/C
Min Period        n/a     FDPE/C   n/a            1.000         10.000      9.000      SLICE_X45Y67   SOC/data_ram_reg[0][16]/C
Low Pulse Width   Slow    FDCE/C   n/a            0.500         5.000       4.500      SLICE_X8Y68    pass_latched_reg/C
Low Pulse Width   Fast    FDCE/C   n/a            0.500         5.000       4.500      SLICE_X8Y68    pass_latched_reg/C
Low Pulse Width   Slow    FDPE/C   n/a            0.500         5.000       4.500      SLICE_X55Y0    SOC/data_ram_reg[0][0]/C
Low Pulse Width   Fast    FDPE/C   n/a            0.500         5.000       4.500      SLICE_X55Y0    SOC/data_ram_reg[0][0]/C
Low Pulse Width   Slow    FDCE/C   n/a            0.500         5.000       4.500      SLICE_X42Y6    SOC/data_ram_reg[0][10]/C
Low Pulse Width   Fast    FDCE/C   n/a            0.500         5.000       4.500      SLICE_X42Y6    SOC/data_ram_reg[0][10]/C
Low Pulse Width   Slow    FDCE/C   n/a            0.500         5.000       4.500      SLICE_X42Y6    SOC/data_ram_reg[0][11]/C
Low Pulse Width   Fast    FDCE/C   n/a            0.500         5.000       4.500      SLICE_X42Y6    SOC/data_ram_reg[0][11]/C
Low Pulse Width   Slow    FDCE/C   n/a            0.500         5.000       4.500      SLICE_X55Y0    SOC/data_ram_reg[0][12]/C
Low Pulse Width   Fast    FDCE/C   n/a            0.500         5.000       4.500      SLICE_X55Y0    SOC/data_ram_reg[0][12]/C
High Pulse Width  Slow    FDCE/C   n/a            0.500         5.000       4.500      SLICE_X8Y68    pass_latched_reg/C
High Pulse Width  Fast    FDCE/C   n/a            0.500         5.000       4.500      SLICE_X8Y68    pass_latched_reg/C
High Pulse Width  Slow    FDPE/C   n/a            0.500         5.000       4.500      SLICE_X55Y0    SOC/data_ram_reg[0][0]/C
High Pulse Width  Fast    FDPE/C   n/a            0.500         5.000       4.500      SLICE_X55Y0    SOC/data_ram_reg[0][0]/C
High Pulse Width  Slow    FDCE/C   n/a            0.500         5.000       4.500      SLICE_X42Y6    SOC/data_ram_reg[0][10]/C
High Pulse Width  Fast    FDCE/C   n/a            0.500         5.000       4.500      SLICE_X42Y6    SOC/data_ram_reg[0][10]/C
High Pulse Width  Slow    FDCE/C   n/a            0.500         5.000       4.500      SLICE_X42Y6    SOC/data_ram_reg[0][11]/C
High Pulse Width  Fast    FDCE/C   n/a            0.500         5.000       4.500      SLICE_X42Y6    SOC/data_ram_reg[0][11]/C
High Pulse Width  Slow    FDCE/C   n/a            0.500         5.000       4.500      SLICE_X55Y0    SOC/data_ram_reg[0][12]/C
High Pulse Width  Fast    FDCE/C   n/a            0.500         5.000       4.500      SLICE_X55Y0    SOC/data_ram_reg[0][12]/C



--------------------------------------------------------------------------------------
Path Group:  (none)
From Clock:  
  To Clock:  

Max Delay             1 Endpoint
Min Delay             1 Endpoint
--------------------------------------------------------------------------------------


Max Delay Paths
--------------------------------------------------------------------------------------
Slack:                    inf
  Source:                 btnC
                            (input port)
  Destination:            led[0]
                            (output port)
  Path Group:             (none)
  Path Type:              Max at Slow Process Corner
  Data Path Delay:        9.037ns  (logic 4.946ns (54.729%)  route 4.091ns (45.271%))
  Logic Levels:           2  (IBUF=1 OBUF=1)

    Location             Delay type                Incr(ns)  Path(ns)    Netlist Resource(s)
  -------------------------------------------------------------------    -------------------
    U18                                               0.000     0.000 r  btnC
                         net (fo=0)                   0.000     0.000    btnC
    U18                  IBUF (Prop_ibuf_I_O)         1.441     1.441 r  btnC_IBUF_inst/O
                         net (fo=10887, routed)       4.091     5.533    led_OBUF[0]
    U16                  OBUF (Prop_obuf_I_O)         3.505     9.037 r  led_OBUF[0]_inst/O
                         net (fo=0)                   0.000     9.037    led[0]
    U16                                                               r  led[0]
  -------------------------------------------------------------------    -------------------





Min Delay Paths
--------------------------------------------------------------------------------------
Slack:                    inf
  Source:                 btnC
                            (input port)
  Destination:            led[0]
                            (output port)
  Path Group:             (none)
  Path Type:              Min at Fast Process Corner
  Data Path Delay:        2.781ns  (logic 1.415ns (50.900%)  route 1.365ns (49.100%))
  Logic Levels:           2  (IBUF=1 OBUF=1)

    Location             Delay type                Incr(ns)  Path(ns)    Netlist Resource(s)
  -------------------------------------------------------------------    -------------------
    U18                                               0.000     0.000 r  btnC
                         net (fo=0)                   0.000     0.000    btnC
    U18                  IBUF (Prop_ibuf_I_O)         0.210     0.210 r  btnC_IBUF_inst/O
                         net (fo=10887, routed)       1.365     1.575    led_OBUF[0]
    U16                  OBUF (Prop_obuf_I_O)         1.206     2.781 r  led_OBUF[0]_inst/O
                         net (fo=0)                   0.000     2.781    led[0]
    U16                                                               r  led[0]
  -------------------------------------------------------------------    -------------------





--------------------------------------------------------------------------------------
Path Group:  (none)
From Clock:  sys_clk_pin
  To Clock:  

Max Delay             3 Endpoints
Min Delay             3 Endpoints
--------------------------------------------------------------------------------------


Max Delay Paths
--------------------------------------------------------------------------------------
Slack:                    inf
  Source:                 SOC/AI_BUS/ACCELERATOR/COMPUTE_ENGINE/STREAM_CONTROLLER/FSM_sequential_state_reg[1]/C
                            (rising edge-triggered cell FDCE clocked by sys_clk_pin  {rise@0.000ns fall@5.000ns period=10.000ns})
  Destination:            led[1]
                            (output port)
  Path Group:             (none)
  Path Type:              Max at Slow Process Corner
  Data Path Delay:        9.561ns  (logic 4.368ns (45.681%)  route 5.194ns (54.319%))
  Logic Levels:           2  (LUT2=1 OBUF=1)
  Clock Uncertainty:      0.025ns  ((TSJ^2 + TIJ^2)^1/2 + DJ) / 2 + PE
    Total System Jitter     (TSJ):    0.050ns
    Total Input Jitter      (TIJ):    0.000ns
    Discrete Jitter          (DJ):    0.000ns
    Phase Error              (PE):    0.000ns

    Location             Delay type                Incr(ns)  Path(ns)    Netlist Resource(s)
  -------------------------------------------------------------------    -------------------
                         (clock sys_clk_pin rise edge)
                                                      0.000     0.000 r  <hidden>
    W5                                                0.000     0.000 r  clk
                         net (fo=0)                   0.000     0.000    clk
    W5                   IBUF (Prop_ibuf_I_O)         1.458     1.458 r  clk_IBUF_inst/O
                         net (fo=1, routed)           1.967     3.425    clk_IBUF
    BUFGCTRL_X0Y0        BUFG (Prop_bufg_I_O)         0.096     3.521 r  clk_IBUF_BUFG_inst/O
                         net (fo=10886, routed)       1.558     5.079    SOC/AI_BUS/ACCELERATOR/COMPUTE_ENGINE/STREAM_CONTROLLER/clk_IBUF_BUFG
    SLICE_X12Y18         FDCE                                         r  SOC/AI_BUS/ACCELERATOR/COMPUTE_ENGINE/STREAM_CONTROLLER/FSM_sequential_state_reg[1]/C
  -------------------------------------------------------------------    -------------------
    SLICE_X12Y18         FDCE (Prop_fdce_C_Q)         0.518     5.597 r  SOC/AI_BUS/ACCELERATOR/COMPUTE_ENGINE/STREAM_CONTROLLER/FSM_sequential_state_reg[1]/Q
                         net (fo=44, routed)          1.071     6.668    SOC/AI_BUS/ACCELERATOR/COMPUTE_ENGINE/STREAM_CONTROLLER/state[1]
    SLICE_X8Y12          LUT2 (Prop_lut2_I1_O)        0.116     6.784 r  SOC/AI_BUS/ACCELERATOR/COMPUTE_ENGINE/STREAM_CONTROLLER/led_OBUF[1]_inst_i_1/O
                         net (fo=705, routed)         4.123    10.907    led_OBUF[1]
    E19                  OBUF (Prop_obuf_I_O)         3.734    14.641 r  led_OBUF[1]_inst/O
                         net (fo=0)                   0.000    14.641    led[1]
    E19                                                               r  led[1]
  -------------------------------------------------------------------    -------------------

Slack:                    inf
  Source:                 pass_latched_reg/C
                            (rising edge-triggered cell FDCE clocked by sys_clk_pin  {rise@0.000ns fall@5.000ns period=10.000ns})
  Destination:            led[3]
                            (output port)
  Path Group:             (none)
  Path Type:              Max at Slow Process Corner
  Data Path Delay:        7.488ns  (logic 4.027ns (53.776%)  route 3.461ns (46.224%))
  Logic Levels:           1  (OBUF=1)
  Clock Uncertainty:      0.025ns  ((TSJ^2 + TIJ^2)^1/2 + DJ) / 2 + PE
    Total System Jitter     (TSJ):    0.050ns
    Total Input Jitter      (TIJ):    0.000ns
    Discrete Jitter          (DJ):    0.000ns
    Phase Error              (PE):    0.000ns

    Location             Delay type                Incr(ns)  Path(ns)    Netlist Resource(s)
  -------------------------------------------------------------------    -------------------
                         (clock sys_clk_pin rise edge)
                                                      0.000     0.000 r  <hidden>
    W5                                                0.000     0.000 r  clk
                         net (fo=0)                   0.000     0.000    clk
    W5                   IBUF (Prop_ibuf_I_O)         1.458     1.458 r  clk_IBUF_inst/O
                         net (fo=1, routed)           1.967     3.425    clk_IBUF
    BUFGCTRL_X0Y0        BUFG (Prop_bufg_I_O)         0.096     3.521 r  clk_IBUF_BUFG_inst/O
                         net (fo=10886, routed)       1.546     5.067    clk_IBUF_BUFG
    SLICE_X8Y68          FDCE                                         r  pass_latched_reg/C
  -------------------------------------------------------------------    -------------------
    SLICE_X8Y68          FDCE (Prop_fdce_C_Q)         0.518     5.585 r  pass_latched_reg/Q
                         net (fo=1, routed)           3.461     9.046    led_OBUF[3]
    V19                  OBUF (Prop_obuf_I_O)         3.509    12.555 r  led_OBUF[3]_inst/O
                         net (fo=0)                   0.000    12.555    led[3]
    V19                                                               r  led[3]
  -------------------------------------------------------------------    -------------------

Slack:                    inf
  Source:                 SOC/AI_BUS/ACCELERATOR/COMPUTE_ENGINE/STREAM_CONTROLLER/FSM_sequential_state_reg[1]/C
                            (rising edge-triggered cell FDCE clocked by sys_clk_pin  {rise@0.000ns fall@5.000ns period=10.000ns})
  Destination:            led[2]
                            (output port)
  Path Group:             (none)
  Path Type:              Max at Slow Process Corner
  Data Path Delay:        7.426ns  (logic 4.143ns (55.792%)  route 3.283ns (44.208%))
  Logic Levels:           2  (LUT2=1 OBUF=1)
  Clock Uncertainty:      0.025ns  ((TSJ^2 + TIJ^2)^1/2 + DJ) / 2 + PE
    Total System Jitter     (TSJ):    0.050ns
    Total Input Jitter      (TIJ):    0.000ns
    Discrete Jitter          (DJ):    0.000ns
    Phase Error              (PE):    0.000ns

    Location             Delay type                Incr(ns)  Path(ns)    Netlist Resource(s)
  -------------------------------------------------------------------    -------------------
                         (clock sys_clk_pin rise edge)
                                                      0.000     0.000 r  <hidden>
    W5                                                0.000     0.000 r  clk
                         net (fo=0)                   0.000     0.000    clk
    W5                   IBUF (Prop_ibuf_I_O)         1.458     1.458 r  clk_IBUF_inst/O
                         net (fo=1, routed)           1.967     3.425    clk_IBUF
    BUFGCTRL_X0Y0        BUFG (Prop_bufg_I_O)         0.096     3.521 r  clk_IBUF_BUFG_inst/O
                         net (fo=10886, routed)       1.558     5.079    SOC/AI_BUS/ACCELERATOR/COMPUTE_ENGINE/STREAM_CONTROLLER/clk_IBUF_BUFG
    SLICE_X12Y18         FDCE                                         r  SOC/AI_BUS/ACCELERATOR/COMPUTE_ENGINE/STREAM_CONTROLLER/FSM_sequential_state_reg[1]/C
  -------------------------------------------------------------------    -------------------
    SLICE_X12Y18         FDCE (Prop_fdce_C_Q)         0.518     5.597 r  SOC/AI_BUS/ACCELERATOR/COMPUTE_ENGINE/STREAM_CONTROLLER/FSM_sequential_state_reg[1]/Q
                         net (fo=44, routed)          1.380     6.978    SOC/AI_BUS/ACCELERATOR/COMPUTE_ENGINE/STREAM_CONTROLLER/state[1]
    SLICE_X5Y13          LUT2 (Prop_lut2_I1_O)        0.124     7.102 r  SOC/AI_BUS/ACCELERATOR/COMPUTE_ENGINE/STREAM_CONTROLLER/led_OBUF[2]_inst_i_1/O
                         net (fo=1, routed)           1.903     9.004    led_OBUF[2]
    U19                  OBUF (Prop_obuf_I_O)         3.501    12.505 r  led_OBUF[2]_inst/O
                         net (fo=0)                   0.000    12.505    led[2]
    U19                                                               r  led[2]
  -------------------------------------------------------------------    -------------------





Min Delay Paths
--------------------------------------------------------------------------------------
Slack:                    inf
  Source:                 SOC/AI_BUS/ACCELERATOR/COMPUTE_ENGINE/STREAM_CONTROLLER/FSM_sequential_state_reg[0]/C
                            (rising edge-triggered cell FDCE clocked by sys_clk_pin  {rise@0.000ns fall@5.000ns period=10.000ns})
  Destination:            led[2]
                            (output port)
  Path Group:             (none)
  Path Type:              Min at Fast Process Corner
  Data Path Delay:        2.382ns  (logic 1.411ns (59.245%)  route 0.971ns (40.755%))
  Logic Levels:           2  (LUT2=1 OBUF=1)
  Clock Uncertainty:      0.025ns  ((TSJ^2 + TIJ^2)^1/2 + DJ) / 2 + PE
    Total System Jitter     (TSJ):    0.050ns
    Total Input Jitter      (TIJ):    0.000ns
    Discrete Jitter          (DJ):    0.000ns
    Phase Error              (PE):    0.000ns

    Location             Delay type                Incr(ns)  Path(ns)    Netlist Resource(s)
  -------------------------------------------------------------------    -------------------
                         (clock sys_clk_pin rise edge)
                                                      0.000     0.000 r  <hidden>
    W5                                                0.000     0.000 r  clk
                         net (fo=0)                   0.000     0.000    clk
    W5                   IBUF (Prop_ibuf_I_O)         0.226     0.226 r  clk_IBUF_inst/O
                         net (fo=1, routed)           0.631     0.858    clk_IBUF
    BUFGCTRL_X0Y0        BUFG (Prop_bufg_I_O)         0.026     0.884 r  clk_IBUF_BUFG_inst/O
                         net (fo=10886, routed)       0.563     1.446    SOC/AI_BUS/ACCELERATOR/COMPUTE_ENGINE/STREAM_CONTROLLER/clk_IBUF_BUFG
    SLICE_X12Y12         FDCE                                         r  SOC/AI_BUS/ACCELERATOR/COMPUTE_ENGINE/STREAM_CONTROLLER/FSM_sequential_state_reg[0]/C
  -------------------------------------------------------------------    -------------------
    SLICE_X12Y12         FDCE (Prop_fdce_C_Q)         0.164     1.610 r  SOC/AI_BUS/ACCELERATOR/COMPUTE_ENGINE/STREAM_CONTROLLER/FSM_sequential_state_reg[0]/Q
                         net (fo=29, routed)          0.536     2.146    SOC/AI_BUS/ACCELERATOR/COMPUTE_ENGINE/STREAM_CONTROLLER/state[0]
    SLICE_X5Y13          LUT2 (Prop_lut2_I0_O)        0.045     2.191 r  SOC/AI_BUS/ACCELERATOR/COMPUTE_ENGINE/STREAM_CONTROLLER/led_OBUF[2]_inst_i_1/O
                         net (fo=1, routed)           0.435     2.626    led_OBUF[2]
    U19                  OBUF (Prop_obuf_I_O)         1.202     3.828 r  led_OBUF[2]_inst/O
                         net (fo=0)                   0.000     3.828    led[2]
    U19                                                               r  led[2]
  -------------------------------------------------------------------    -------------------

Slack:                    inf
  Source:                 pass_latched_reg/C
                            (rising edge-triggered cell FDCE clocked by sys_clk_pin  {rise@0.000ns fall@5.000ns period=10.000ns})
  Destination:            led[3]
                            (output port)
  Path Group:             (none)
  Path Type:              Min at Fast Process Corner
  Data Path Delay:        2.528ns  (logic 1.374ns (54.365%)  route 1.153ns (45.635%))
  Logic Levels:           1  (OBUF=1)
  Clock Uncertainty:      0.025ns  ((TSJ^2 + TIJ^2)^1/2 + DJ) / 2 + PE
    Total System Jitter     (TSJ):    0.050ns
    Total Input Jitter      (TIJ):    0.000ns
    Discrete Jitter          (DJ):    0.000ns
    Phase Error              (PE):    0.000ns

    Location             Delay type                Incr(ns)  Path(ns)    Netlist Resource(s)
  -------------------------------------------------------------------    -------------------
                         (clock sys_clk_pin rise edge)
                                                      0.000     0.000 r  <hidden>
    W5                                                0.000     0.000 r  clk
                         net (fo=0)                   0.000     0.000    clk
    W5                   IBUF (Prop_ibuf_I_O)         0.226     0.226 r  clk_IBUF_inst/O
                         net (fo=1, routed)           0.631     0.858    clk_IBUF
    BUFGCTRL_X0Y0        BUFG (Prop_bufg_I_O)         0.026     0.884 r  clk_IBUF_BUFG_inst/O
                         net (fo=10886, routed)       0.557     1.440    clk_IBUF_BUFG
    SLICE_X8Y68          FDCE                                         r  pass_latched_reg/C
  -------------------------------------------------------------------    -------------------
    SLICE_X8Y68          FDCE (Prop_fdce_C_Q)         0.164     1.604 r  pass_latched_reg/Q
                         net (fo=1, routed)           1.153     2.758    led_OBUF[3]
    V19                  OBUF (Prop_obuf_I_O)         1.210     3.968 r  led_OBUF[3]_inst/O
                         net (fo=0)                   0.000     3.968    led[3]
    V19                                                               r  led[3]
  -------------------------------------------------------------------    -------------------

Slack:                    inf
  Source:                 SOC/AI_BUS/ACCELERATOR/COMPUTE_ENGINE/STREAM_CONTROLLER/FSM_sequential_state_reg[0]/C
                            (rising edge-triggered cell FDCE clocked by sys_clk_pin  {rise@0.000ns fall@5.000ns period=10.000ns})
  Destination:            led[1]
                            (output port)
  Path Group:             (none)
  Path Type:              Min at Fast Process Corner
  Data Path Delay:        3.455ns  (logic 1.504ns (43.514%)  route 1.952ns (56.486%))
  Logic Levels:           2  (LUT2=1 OBUF=1)
  Clock Uncertainty:      0.025ns  ((TSJ^2 + TIJ^2)^1/2 + DJ) / 2 + PE
    Total System Jitter     (TSJ):    0.050ns
    Total Input Jitter      (TIJ):    0.000ns
    Discrete Jitter          (DJ):    0.000ns
    Phase Error              (PE):    0.000ns

    Location             Delay type                Incr(ns)  Path(ns)    Netlist Resource(s)
  -------------------------------------------------------------------    -------------------
                         (clock sys_clk_pin rise edge)
                                                      0.000     0.000 r  <hidden>
    W5                                                0.000     0.000 r  clk
                         net (fo=0)                   0.000     0.000    clk
    W5                   IBUF (Prop_ibuf_I_O)         0.226     0.226 r  clk_IBUF_inst/O
                         net (fo=1, routed)           0.631     0.858    clk_IBUF
    BUFGCTRL_X0Y0        BUFG (Prop_bufg_I_O)         0.026     0.884 r  clk_IBUF_BUFG_inst/O
                         net (fo=10886, routed)       0.563     1.446    SOC/AI_BUS/ACCELERATOR/COMPUTE_ENGINE/STREAM_CONTROLLER/clk_IBUF_BUFG
    SLICE_X12Y12         FDCE                                         r  SOC/AI_BUS/ACCELERATOR/COMPUTE_ENGINE/STREAM_CONTROLLER/FSM_sequential_state_reg[0]/C
  -------------------------------------------------------------------    -------------------
    SLICE_X12Y12         FDCE (Prop_fdce_C_Q)         0.164     1.610 r  SOC/AI_BUS/ACCELERATOR/COMPUTE_ENGINE/STREAM_CONTROLLER/FSM_sequential_state_reg[0]/Q
                         net (fo=29, routed)          0.418     2.028    SOC/AI_BUS/ACCELERATOR/COMPUTE_ENGINE/STREAM_CONTROLLER/state[0]
    SLICE_X8Y12          LUT2 (Prop_lut2_I0_O)        0.043     2.071 r  SOC/AI_BUS/ACCELERATOR/COMPUTE_ENGINE/STREAM_CONTROLLER/led_OBUF[1]_inst_i_1/O
                         net (fo=705, routed)         1.534     3.605    led_OBUF[1]
    E19                  OBUF (Prop_obuf_I_O)         1.297     4.902 r  led_OBUF[1]_inst/O
                         net (fo=0)                   0.000     4.902    led[1]
    E19                                                               r  led[1]
  -------------------------------------------------------------------    -------------------





--------------------------------------------------------------------------------------
Path Group:  (none)
From Clock:  
  To Clock:  sys_clk_pin

Max Delay         10886 Endpoints
Min Delay         10886 Endpoints
--------------------------------------------------------------------------------------


Max Delay Paths
--------------------------------------------------------------------------------------
Slack:                    inf
  Source:                 btnC
                            (input port)
  Destination:            SOC/data_ram_reg[250][8]/CLR
                            (recovery check against rising-edge clock sys_clk_pin  {rise@0.000ns fall@5.000ns period=10.000ns})
  Path Group:             (none)
  Path Type:              Recovery (Max at Slow Process Corner)
  Data Path Delay:        37.150ns  (logic 1.441ns (3.880%)  route 35.708ns (96.120%))
  Logic Levels:           1  (IBUF=1)
  Clock Path Skew:        4.843ns (DCD - SCD + CPR)
    Destination Clock Delay (DCD):    4.843ns
    Source Clock Delay      (SCD):    0.000ns
    Clock Pessimism Removal (CPR):    0.000ns
  Clock Uncertainty:      0.025ns  ((TSJ^2 + TIJ^2)^1/2 + DJ) / 2 + PE
    Total System Jitter     (TSJ):    0.050ns
    Total Input Jitter      (TIJ):    0.000ns
    Discrete Jitter          (DJ):    0.000ns
    Phase Error              (PE):    0.000ns

    Location             Delay type                Incr(ns)  Path(ns)    Netlist Resource(s)
  -------------------------------------------------------------------    -------------------
    U18                                               0.000     0.000 f  btnC
                         net (fo=0)                   0.000     0.000    btnC
    U18                  IBUF (Prop_ibuf_I_O)         1.441     1.441 f  btnC_IBUF_inst/O
                         net (fo=10887, routed)      35.708    37.150    SOC/led_OBUF[0]
    SLICE_X62Y25         FDCE                                         f  SOC/data_ram_reg[250][8]/CLR
  -------------------------------------------------------------------    -------------------

                         (clock sys_clk_pin rise edge)
                                                      0.000     0.000 r  <hidden>
    W5                                                0.000     0.000 r  clk
                         net (fo=0)                   0.000     0.000    clk
    W5                   IBUF (Prop_ibuf_I_O)         1.388     1.388 r  clk_IBUF_inst/O
                         net (fo=1, routed)           1.862     3.250    clk_IBUF
    BUFGCTRL_X0Y0        BUFG (Prop_bufg_I_O)         0.091     3.341 r  clk_IBUF_BUFG_inst/O
                         net (fo=10886, routed)       1.502     4.843    SOC/clk_IBUF_BUFG
    SLICE_X62Y25         FDCE                                         r  SOC/data_ram_reg[250][8]/C

Slack:                    inf
  Source:                 btnC
                            (input port)
  Destination:            SOC/data_ram_reg[214][3]/CLR
                            (recovery check against rising-edge clock sys_clk_pin  {rise@0.000ns fall@5.000ns period=10.000ns})
  Path Group:             (none)
  Path Type:              Recovery (Max at Slow Process Corner)
  Data Path Delay:        37.145ns  (logic 1.441ns (3.880%)  route 35.704ns (96.120%))
  Logic Levels:           1  (IBUF=1)
  Clock Path Skew:        4.843ns (DCD - SCD + CPR)
    Destination Clock Delay (DCD):    4.843ns
    Source Clock Delay      (SCD):    0.000ns
    Clock Pessimism Removal (CPR):    0.000ns
  Clock Uncertainty:      0.025ns  ((TSJ^2 + TIJ^2)^1/2 + DJ) / 2 + PE
    Total System Jitter     (TSJ):    0.050ns
    Total Input Jitter      (TIJ):    0.000ns
    Discrete Jitter          (DJ):    0.000ns
    Phase Error              (PE):    0.000ns

    Location             Delay type                Incr(ns)  Path(ns)    Netlist Resource(s)
  -------------------------------------------------------------------    -------------------
    U18                                               0.000     0.000 f  btnC
                         net (fo=0)                   0.000     0.000    btnC
    U18                  IBUF (Prop_ibuf_I_O)         1.441     1.441 f  btnC_IBUF_inst/O
                         net (fo=10887, routed)      35.704    37.145    SOC/led_OBUF[0]
    SLICE_X63Y25         FDCE                                         f  SOC/data_ram_reg[214][3]/CLR
  -------------------------------------------------------------------    -------------------

                         (clock sys_clk_pin rise edge)
                                                      0.000     0.000 r  <hidden>
    W5                                                0.000     0.000 r  clk
                         net (fo=0)                   0.000     0.000    clk
    W5                   IBUF (Prop_ibuf_I_O)         1.388     1.388 r  clk_IBUF_inst/O
                         net (fo=1, routed)           1.862     3.250    clk_IBUF
    BUFGCTRL_X0Y0        BUFG (Prop_bufg_I_O)         0.091     3.341 r  clk_IBUF_BUFG_inst/O
                         net (fo=10886, routed)       1.502     4.843    SOC/clk_IBUF_BUFG
    SLICE_X63Y25         FDCE                                         r  SOC/data_ram_reg[214][3]/C

Slack:                    inf
  Source:                 btnC
                            (input port)
  Destination:            SOC/data_ram_reg[214][6]/CLR
                            (recovery check against rising-edge clock sys_clk_pin  {rise@0.000ns fall@5.000ns period=10.000ns})
  Path Group:             (none)
  Path Type:              Recovery (Max at Slow Process Corner)
  Data Path Delay:        37.145ns  (logic 1.441ns (3.880%)  route 35.704ns (96.120%))
  Logic Levels:           1  (IBUF=1)
  Clock Path Skew:        4.843ns (DCD - SCD + CPR)
    Destination Clock Delay (DCD):    4.843ns
    Source Clock Delay      (SCD):    0.000ns
    Clock Pessimism Removal (CPR):    0.000ns
  Clock Uncertainty:      0.025ns  ((TSJ^2 + TIJ^2)^1/2 + DJ) / 2 + PE
    Total System Jitter     (TSJ):    0.050ns
    Total Input Jitter      (TIJ):    0.000ns
    Discrete Jitter          (DJ):    0.000ns
    Phase Error              (PE):    0.000ns

    Location             Delay type                Incr(ns)  Path(ns)    Netlist Resource(s)
  -------------------------------------------------------------------    -------------------
    U18                                               0.000     0.000 f  btnC
                         net (fo=0)                   0.000     0.000    btnC
    U18                  IBUF (Prop_ibuf_I_O)         1.441     1.441 f  btnC_IBUF_inst/O
                         net (fo=10887, routed)      35.704    37.145    SOC/led_OBUF[0]
    SLICE_X63Y25         FDCE                                         f  SOC/data_ram_reg[214][6]/CLR
  -------------------------------------------------------------------    -------------------

                         (clock sys_clk_pin rise edge)
                                                      0.000     0.000 r  <hidden>
    W5                                                0.000     0.000 r  clk
                         net (fo=0)                   0.000     0.000    clk
    W5                   IBUF (Prop_ibuf_I_O)         1.388     1.388 r  clk_IBUF_inst/O
                         net (fo=1, routed)           1.862     3.250    clk_IBUF
    BUFGCTRL_X0Y0        BUFG (Prop_bufg_I_O)         0.091     3.341 r  clk_IBUF_BUFG_inst/O
                         net (fo=10886, routed)       1.502     4.843    SOC/clk_IBUF_BUFG
    SLICE_X63Y25         FDCE                                         r  SOC/data_ram_reg[214][6]/C

Slack:                    inf
  Source:                 btnC
                            (input port)
  Destination:            SOC/data_ram_reg[214][8]/CLR
                            (recovery check against rising-edge clock sys_clk_pin  {rise@0.000ns fall@5.000ns period=10.000ns})
  Path Group:             (none)
  Path Type:              Recovery (Max at Slow Process Corner)
  Data Path Delay:        37.145ns  (logic 1.441ns (3.880%)  route 35.704ns (96.120%))
  Logic Levels:           1  (IBUF=1)
  Clock Path Skew:        4.843ns (DCD - SCD + CPR)
    Destination Clock Delay (DCD):    4.843ns
    Source Clock Delay      (SCD):    0.000ns
    Clock Pessimism Removal (CPR):    0.000ns
  Clock Uncertainty:      0.025ns  ((TSJ^2 + TIJ^2)^1/2 + DJ) / 2 + PE
    Total System Jitter     (TSJ):    0.050ns
    Total Input Jitter      (TIJ):    0.000ns
    Discrete Jitter          (DJ):    0.000ns
    Phase Error              (PE):    0.000ns

    Location             Delay type                Incr(ns)  Path(ns)    Netlist Resource(s)
  -------------------------------------------------------------------    -------------------
    U18                                               0.000     0.000 f  btnC
                         net (fo=0)                   0.000     0.000    btnC
    U18                  IBUF (Prop_ibuf_I_O)         1.441     1.441 f  btnC_IBUF_inst/O
                         net (fo=10887, routed)      35.704    37.145    SOC/led_OBUF[0]
    SLICE_X63Y25         FDCE                                         f  SOC/data_ram_reg[214][8]/CLR
  -------------------------------------------------------------------    -------------------

                         (clock sys_clk_pin rise edge)
                                                      0.000     0.000 r  <hidden>
    W5                                                0.000     0.000 r  clk
                         net (fo=0)                   0.000     0.000    clk
    W5                   IBUF (Prop_ibuf_I_O)         1.388     1.388 r  clk_IBUF_inst/O
                         net (fo=1, routed)           1.862     3.250    clk_IBUF
    BUFGCTRL_X0Y0        BUFG (Prop_bufg_I_O)         0.091     3.341 r  clk_IBUF_BUFG_inst/O
                         net (fo=10886, routed)       1.502     4.843    SOC/clk_IBUF_BUFG
    SLICE_X63Y25         FDCE                                         r  SOC/data_ram_reg[214][8]/C

Slack:                    inf
  Source:                 btnC
                            (input port)
  Destination:            SOC/data_ram_reg[193][3]/CLR
                            (recovery check against rising-edge clock sys_clk_pin  {rise@0.000ns fall@5.000ns period=10.000ns})
  Path Group:             (none)
  Path Type:              Recovery (Max at Slow Process Corner)
  Data Path Delay:        37.127ns  (logic 1.441ns (3.882%)  route 35.686ns (96.118%))
  Logic Levels:           1  (IBUF=1)
  Clock Path Skew:        4.845ns (DCD - SCD + CPR)
    Destination Clock Delay (DCD):    4.845ns
    Source Clock Delay      (SCD):    0.000ns
    Clock Pessimism Removal (CPR):    0.000ns
  Clock Uncertainty:      0.025ns  ((TSJ^2 + TIJ^2)^1/2 + DJ) / 2 + PE
    Total System Jitter     (TSJ):    0.050ns
    Total Input Jitter      (TIJ):    0.000ns
    Discrete Jitter          (DJ):    0.000ns
    Phase Error              (PE):    0.000ns

    Location             Delay type                Incr(ns)  Path(ns)    Netlist Resource(s)
  -------------------------------------------------------------------    -------------------
    U18                                               0.000     0.000 f  btnC
                         net (fo=0)                   0.000     0.000    btnC
    U18                  IBUF (Prop_ibuf_I_O)         1.441     1.441 f  btnC_IBUF_inst/O
                         net (fo=10887, routed)      35.686    37.127    SOC/led_OBUF[0]
    SLICE_X65Y26         FDCE                                         f  SOC/data_ram_reg[193][3]/CLR
  -------------------------------------------------------------------    -------------------

                         (clock sys_clk_pin rise edge)
                                                      0.000     0.000 r  <hidden>
    W5                                                0.000     0.000 r  clk
                         net (fo=0)                   0.000     0.000    clk
    W5                   IBUF (Prop_ibuf_I_O)         1.388     1.388 r  clk_IBUF_inst/O
                         net (fo=1, routed)           1.862     3.250    clk_IBUF
    BUFGCTRL_X0Y0        BUFG (Prop_bufg_I_O)         0.091     3.341 r  clk_IBUF_BUFG_inst/O
                         net (fo=10886, routed)       1.504     4.845    SOC/clk_IBUF_BUFG
    SLICE_X65Y26         FDCE                                         r  SOC/data_ram_reg[193][3]/C

Slack:                    inf
  Source:                 btnC
                            (input port)
  Destination:            SOC/data_ram_reg[216][3]/CLR
                            (recovery check against rising-edge clock sys_clk_pin  {rise@0.000ns fall@5.000ns period=10.000ns})
  Path Group:             (none)
  Path Type:              Recovery (Max at Slow Process Corner)
  Data Path Delay:        37.127ns  (logic 1.441ns (3.882%)  route 35.686ns (96.118%))
  Logic Levels:           1  (IBUF=1)
  Clock Path Skew:        4.845ns (DCD - SCD + CPR)
    Destination Clock Delay (DCD):    4.845ns
    Source Clock Delay      (SCD):    0.000ns
    Clock Pessimism Removal (CPR):    0.000ns
  Clock Uncertainty:      0.025ns  ((TSJ^2 + TIJ^2)^1/2 + DJ) / 2 + PE
    Total System Jitter     (TSJ):    0.050ns
    Total Input Jitter      (TIJ):    0.000ns
    Discrete Jitter          (DJ):    0.000ns
    Phase Error              (PE):    0.000ns

    Location             Delay type                Incr(ns)  Path(ns)    Netlist Resource(s)
  -------------------------------------------------------------------    -------------------
    U18                                               0.000     0.000 f  btnC
                         net (fo=0)                   0.000     0.000    btnC
    U18                  IBUF (Prop_ibuf_I_O)         1.441     1.441 f  btnC_IBUF_inst/O
                         net (fo=10887, routed)      35.686    37.127    SOC/led_OBUF[0]
    SLICE_X64Y26         FDCE                                         f  SOC/data_ram_reg[216][3]/CLR
  -------------------------------------------------------------------    -------------------

                         (clock sys_clk_pin rise edge)
                                                      0.000     0.000 r  <hidden>
    W5                                                0.000     0.000 r  clk
                         net (fo=0)                   0.000     0.000    clk
    W5                   IBUF (Prop_ibuf_I_O)         1.388     1.388 r  clk_IBUF_inst/O
                         net (fo=1, routed)           1.862     3.250    clk_IBUF
    BUFGCTRL_X0Y0        BUFG (Prop_bufg_I_O)         0.091     3.341 r  clk_IBUF_BUFG_inst/O
                         net (fo=10886, routed)       1.504     4.845    SOC/clk_IBUF_BUFG
    SLICE_X64Y26         FDCE                                         r  SOC/data_ram_reg[216][3]/C

Slack:                    inf
  Source:                 btnC
                            (input port)
  Destination:            SOC/data_ram_reg[216][6]/CLR
                            (recovery check against rising-edge clock sys_clk_pin  {rise@0.000ns fall@5.000ns period=10.000ns})
  Path Group:             (none)
  Path Type:              Recovery (Max at Slow Process Corner)
  Data Path Delay:        37.127ns  (logic 1.441ns (3.882%)  route 35.686ns (96.118%))
  Logic Levels:           1  (IBUF=1)
  Clock Path Skew:        4.845ns (DCD - SCD + CPR)
    Destination Clock Delay (DCD):    4.845ns
    Source Clock Delay      (SCD):    0.000ns
    Clock Pessimism Removal (CPR):    0.000ns
  Clock Uncertainty:      0.025ns  ((TSJ^2 + TIJ^2)^1/2 + DJ) / 2 + PE
    Total System Jitter     (TSJ):    0.050ns
    Total Input Jitter      (TIJ):    0.000ns
    Discrete Jitter          (DJ):    0.000ns
    Phase Error              (PE):    0.000ns

    Location             Delay type                Incr(ns)  Path(ns)    Netlist Resource(s)
  -------------------------------------------------------------------    -------------------
    U18                                               0.000     0.000 f  btnC
                         net (fo=0)                   0.000     0.000    btnC
    U18                  IBUF (Prop_ibuf_I_O)         1.441     1.441 f  btnC_IBUF_inst/O
                         net (fo=10887, routed)      35.686    37.127    SOC/led_OBUF[0]
    SLICE_X64Y26         FDCE                                         f  SOC/data_ram_reg[216][6]/CLR
  -------------------------------------------------------------------    -------------------

                         (clock sys_clk_pin rise edge)
                                                      0.000     0.000 r  <hidden>
    W5                                                0.000     0.000 r  clk
                         net (fo=0)                   0.000     0.000    clk
    W5                   IBUF (Prop_ibuf_I_O)         1.388     1.388 r  clk_IBUF_inst/O
                         net (fo=1, routed)           1.862     3.250    clk_IBUF
    BUFGCTRL_X0Y0        BUFG (Prop_bufg_I_O)         0.091     3.341 r  clk_IBUF_BUFG_inst/O
                         net (fo=10886, routed)       1.504     4.845    SOC/clk_IBUF_BUFG
    SLICE_X64Y26         FDCE                                         r  SOC/data_ram_reg[216][6]/C

Slack:                    inf
  Source:                 btnC
                            (input port)
  Destination:            SOC/data_ram_reg[216][8]/CLR
                            (recovery check against rising-edge clock sys_clk_pin  {rise@0.000ns fall@5.000ns period=10.000ns})
  Path Group:             (none)
  Path Type:              Recovery (Max at Slow Process Corner)
  Data Path Delay:        37.127ns  (logic 1.441ns (3.882%)  route 35.686ns (96.118%))
  Logic Levels:           1  (IBUF=1)
  Clock Path Skew:        4.845ns (DCD - SCD + CPR)
    Destination Clock Delay (DCD):    4.845ns
    Source Clock Delay      (SCD):    0.000ns
    Clock Pessimism Removal (CPR):    0.000ns
  Clock Uncertainty:      0.025ns  ((TSJ^2 + TIJ^2)^1/2 + DJ) / 2 + PE
    Total System Jitter     (TSJ):    0.050ns
    Total Input Jitter      (TIJ):    0.000ns
    Discrete Jitter          (DJ):    0.000ns
    Phase Error              (PE):    0.000ns

    Location             Delay type                Incr(ns)  Path(ns)    Netlist Resource(s)
  -------------------------------------------------------------------    -------------------
    U18                                               0.000     0.000 f  btnC
                         net (fo=0)                   0.000     0.000    btnC
    U18                  IBUF (Prop_ibuf_I_O)         1.441     1.441 f  btnC_IBUF_inst/O
                         net (fo=10887, routed)      35.686    37.127    SOC/led_OBUF[0]
    SLICE_X64Y26         FDCE                                         f  SOC/data_ram_reg[216][8]/CLR
  -------------------------------------------------------------------    -------------------

                         (clock sys_clk_pin rise edge)
                                                      0.000     0.000 r  <hidden>
    W5                                                0.000     0.000 r  clk
                         net (fo=0)                   0.000     0.000    clk
    W5                   IBUF (Prop_ibuf_I_O)         1.388     1.388 r  clk_IBUF_inst/O
                         net (fo=1, routed)           1.862     3.250    clk_IBUF
    BUFGCTRL_X0Y0        BUFG (Prop_bufg_I_O)         0.091     3.341 r  clk_IBUF_BUFG_inst/O
                         net (fo=10886, routed)       1.504     4.845    SOC/clk_IBUF_BUFG
    SLICE_X64Y26         FDCE                                         r  SOC/data_ram_reg[216][8]/C

Slack:                    inf
  Source:                 btnC
                            (input port)
  Destination:            SOC/data_ram_reg[201][3]/CLR
                            (recovery check against rising-edge clock sys_clk_pin  {rise@0.000ns fall@5.000ns period=10.000ns})
  Path Group:             (none)
  Path Type:              Recovery (Max at Slow Process Corner)
  Data Path Delay:        36.976ns  (logic 1.441ns (3.898%)  route 35.535ns (96.102%))
  Logic Levels:           1  (IBUF=1)
  Clock Path Skew:        4.846ns (DCD - SCD + CPR)
    Destination Clock Delay (DCD):    4.846ns
    Source Clock Delay      (SCD):    0.000ns
    Clock Pessimism Removal (CPR):    0.000ns
  Clock Uncertainty:      0.025ns  ((TSJ^2 + TIJ^2)^1/2 + DJ) / 2 + PE
    Total System Jitter     (TSJ):    0.050ns
    Total Input Jitter      (TIJ):    0.000ns
    Discrete Jitter          (DJ):    0.000ns
    Phase Error              (PE):    0.000ns

    Location             Delay type                Incr(ns)  Path(ns)    Netlist Resource(s)
  -------------------------------------------------------------------    -------------------
    U18                                               0.000     0.000 f  btnC
                         net (fo=0)                   0.000     0.000    btnC
    U18                  IBUF (Prop_ibuf_I_O)         1.441     1.441 f  btnC_IBUF_inst/O
                         net (fo=10887, routed)      35.535    36.976    SOC/led_OBUF[0]
    SLICE_X65Y27         FDCE                                         f  SOC/data_ram_reg[201][3]/CLR
  -------------------------------------------------------------------    -------------------

                         (clock sys_clk_pin rise edge)
                                                      0.000     0.000 r  <hidden>
    W5                                                0.000     0.000 r  clk
                         net (fo=0)                   0.000     0.000    clk
    W5                   IBUF (Prop_ibuf_I_O)         1.388     1.388 r  clk_IBUF_inst/O
                         net (fo=1, routed)           1.862     3.250    clk_IBUF
    BUFGCTRL_X0Y0        BUFG (Prop_bufg_I_O)         0.091     3.341 r  clk_IBUF_BUFG_inst/O
                         net (fo=10886, routed)       1.505     4.846    SOC/clk_IBUF_BUFG
    SLICE_X65Y27         FDCE                                         r  SOC/data_ram_reg[201][3]/C

Slack:                    inf
  Source:                 btnC
                            (input port)
  Destination:            SOC/data_ram_reg[221][3]/CLR
                            (recovery check against rising-edge clock sys_clk_pin  {rise@0.000ns fall@5.000ns period=10.000ns})
  Path Group:             (none)
  Path Type:              Recovery (Max at Slow Process Corner)
  Data Path Delay:        36.976ns  (logic 1.441ns (3.898%)  route 35.535ns (96.102%))
  Logic Levels:           1  (IBUF=1)
  Clock Path Skew:        4.846ns (DCD - SCD + CPR)
    Destination Clock Delay (DCD):    4.846ns
    Source Clock Delay      (SCD):    0.000ns
    Clock Pessimism Removal (CPR):    0.000ns
  Clock Uncertainty:      0.025ns  ((TSJ^2 + TIJ^2)^1/2 + DJ) / 2 + PE
    Total System Jitter     (TSJ):    0.050ns
    Total Input Jitter      (TIJ):    0.000ns
    Discrete Jitter          (DJ):    0.000ns
    Phase Error              (PE):    0.000ns

    Location             Delay type                Incr(ns)  Path(ns)    Netlist Resource(s)
  -------------------------------------------------------------------    -------------------
    U18                                               0.000     0.000 f  btnC
                         net (fo=0)                   0.000     0.000    btnC
    U18                  IBUF (Prop_ibuf_I_O)         1.441     1.441 f  btnC_IBUF_inst/O
                         net (fo=10887, routed)      35.535    36.976    SOC/led_OBUF[0]
    SLICE_X64Y27         FDCE                                         f  SOC/data_ram_reg[221][3]/CLR
  -------------------------------------------------------------------    -------------------

                         (clock sys_clk_pin rise edge)
                                                      0.000     0.000 r  <hidden>
    W5                                                0.000     0.000 r  clk
                         net (fo=0)                   0.000     0.000    clk
    W5                   IBUF (Prop_ibuf_I_O)         1.388     1.388 r  clk_IBUF_inst/O
                         net (fo=1, routed)           1.862     3.250    clk_IBUF
    BUFGCTRL_X0Y0        BUFG (Prop_bufg_I_O)         0.091     3.341 r  clk_IBUF_BUFG_inst/O
                         net (fo=10886, routed)       1.505     4.846    SOC/clk_IBUF_BUFG
    SLICE_X64Y27         FDCE                                         r  SOC/data_ram_reg[221][3]/C





Min Delay Paths
--------------------------------------------------------------------------------------
Slack:                    inf
  Source:                 btnC
                            (input port)
  Destination:            SOC/AI_BUS/ACCELERATOR/COMPUTE_ENGINE/STREAM_CONTROLLER/A0_reg_reg[6]/CLR
                            (removal check against rising-edge clock sys_clk_pin  {rise@0.000ns fall@5.000ns period=10.000ns})
  Path Group:             (none)
  Path Type:              Removal (Min at Fast Process Corner)
  Data Path Delay:        0.644ns  (logic 0.210ns (32.526%)  route 0.435ns (67.474%))
  Logic Levels:           1  (IBUF=1)
  Clock Path Skew:        1.989ns (DCD - SCD - CPR)
    Destination Clock Delay (DCD):    1.989ns
    Source Clock Delay      (SCD):    0.000ns
    Clock Pessimism Removal (CPR):    -0.000ns

    Location             Delay type                Incr(ns)  Path(ns)    Netlist Resource(s)
  -------------------------------------------------------------------    -------------------
    U18                                               0.000     0.000 f  btnC
                         net (fo=0)                   0.000     0.000    btnC
    U18                  IBUF (Prop_ibuf_I_O)         0.210     0.210 f  btnC_IBUF_inst/O
                         net (fo=10887, routed)       0.435     0.644    SOC/AI_BUS/ACCELERATOR/COMPUTE_ENGINE/STREAM_CONTROLLER/led_OBUF[0]
    SLICE_X3Y12          FDCE                                         f  SOC/AI_BUS/ACCELERATOR/COMPUTE_ENGINE/STREAM_CONTROLLER/A0_reg_reg[6]/CLR
  -------------------------------------------------------------------    -------------------

                         (clock sys_clk_pin rise edge)
                                                      0.000     0.000 r  <hidden>
    W5                                                0.000     0.000 r  clk
                         net (fo=0)                   0.000     0.000    clk
    W5                   IBUF (Prop_ibuf_I_O)         0.414     0.414 r  clk_IBUF_inst/O
                         net (fo=1, routed)           0.685     1.099    clk_IBUF
    BUFGCTRL_X0Y0        BUFG (Prop_bufg_I_O)         0.029     1.128 r  clk_IBUF_BUFG_inst/O
                         net (fo=10886, routed)       0.862     1.989    SOC/AI_BUS/ACCELERATOR/COMPUTE_ENGINE/STREAM_CONTROLLER/clk_IBUF_BUFG
    SLICE_X3Y12          FDCE                                         r  SOC/AI_BUS/ACCELERATOR/COMPUTE_ENGINE/STREAM_CONTROLLER/A0_reg_reg[6]/C

Slack:                    inf
  Source:                 btnC
                            (input port)
  Destination:            SOC/AI_BUS/ACCELERATOR/COMPUTE_ENGINE/STREAM_CONTROLLER/B1_reg_reg[3]/CLR
                            (removal check against rising-edge clock sys_clk_pin  {rise@0.000ns fall@5.000ns period=10.000ns})
  Path Group:             (none)
  Path Type:              Removal (Min at Fast Process Corner)
  Data Path Delay:        0.644ns  (logic 0.210ns (32.526%)  route 0.435ns (67.474%))
  Logic Levels:           1  (IBUF=1)
  Clock Path Skew:        1.989ns (DCD - SCD - CPR)
    Destination Clock Delay (DCD):    1.989ns
    Source Clock Delay      (SCD):    0.000ns
    Clock Pessimism Removal (CPR):    -0.000ns

    Location             Delay type                Incr(ns)  Path(ns)    Netlist Resource(s)
  -------------------------------------------------------------------    -------------------
    U18                                               0.000     0.000 f  btnC
                         net (fo=0)                   0.000     0.000    btnC
    U18                  IBUF (Prop_ibuf_I_O)         0.210     0.210 f  btnC_IBUF_inst/O
                         net (fo=10887, routed)       0.435     0.644    SOC/AI_BUS/ACCELERATOR/COMPUTE_ENGINE/STREAM_CONTROLLER/led_OBUF[0]
    SLICE_X3Y12          FDCE                                         f  SOC/AI_BUS/ACCELERATOR/COMPUTE_ENGINE/STREAM_CONTROLLER/B1_reg_reg[3]/CLR
  -------------------------------------------------------------------    -------------------

                         (clock sys_clk_pin rise edge)
                                                      0.000     0.000 r  <hidden>
    W5                                                0.000     0.000 r  clk
                         net (fo=0)                   0.000     0.000    clk
    W5                   IBUF (Prop_ibuf_I_O)         0.414     0.414 r  clk_IBUF_inst/O
                         net (fo=1, routed)           0.685     1.099    clk_IBUF
    BUFGCTRL_X0Y0        BUFG (Prop_bufg_I_O)         0.029     1.128 r  clk_IBUF_BUFG_inst/O
                         net (fo=10886, routed)       0.862     1.989    SOC/AI_BUS/ACCELERATOR/COMPUTE_ENGINE/STREAM_CONTROLLER/clk_IBUF_BUFG
    SLICE_X3Y12          FDCE                                         r  SOC/AI_BUS/ACCELERATOR/COMPUTE_ENGINE/STREAM_CONTROLLER/B1_reg_reg[3]/C

Slack:                    inf
  Source:                 btnC
                            (input port)
  Destination:            SOC/AI_BUS/ACCELERATOR/COMPUTE_ENGINE/STREAM_CONTROLLER/B2_reg_reg[7]/CLR
                            (removal check against rising-edge clock sys_clk_pin  {rise@0.000ns fall@5.000ns period=10.000ns})
  Path Group:             (none)
  Path Type:              Removal (Min at Fast Process Corner)
  Data Path Delay:        0.644ns  (logic 0.210ns (32.526%)  route 0.435ns (67.474%))
  Logic Levels:           1  (IBUF=1)
  Clock Path Skew:        1.989ns (DCD - SCD - CPR)
    Destination Clock Delay (DCD):    1.989ns
    Source Clock Delay      (SCD):    0.000ns
    Clock Pessimism Removal (CPR):    -0.000ns

    Location             Delay type                Incr(ns)  Path(ns)    Netlist Resource(s)
  -------------------------------------------------------------------    -------------------
    U18                                               0.000     0.000 f  btnC
                         net (fo=0)                   0.000     0.000    btnC
    U18                  IBUF (Prop_ibuf_I_O)         0.210     0.210 f  btnC_IBUF_inst/O
                         net (fo=10887, routed)       0.435     0.644    SOC/AI_BUS/ACCELERATOR/COMPUTE_ENGINE/STREAM_CONTROLLER/led_OBUF[0]
    SLICE_X3Y12          FDCE                                         f  SOC/AI_BUS/ACCELERATOR/COMPUTE_ENGINE/STREAM_CONTROLLER/B2_reg_reg[7]/CLR
  -------------------------------------------------------------------    -------------------

                         (clock sys_clk_pin rise edge)
                                                      0.000     0.000 r  <hidden>
    W5                                                0.000     0.000 r  clk
                         net (fo=0)                   0.000     0.000    clk
    W5                   IBUF (Prop_ibuf_I_O)         0.414     0.414 r  clk_IBUF_inst/O
                         net (fo=1, routed)           0.685     1.099    clk_IBUF
    BUFGCTRL_X0Y0        BUFG (Prop_bufg_I_O)         0.029     1.128 r  clk_IBUF_BUFG_inst/O
                         net (fo=10886, routed)       0.862     1.989    SOC/AI_BUS/ACCELERATOR/COMPUTE_ENGINE/STREAM_CONTROLLER/clk_IBUF_BUFG
    SLICE_X3Y12          FDCE                                         r  SOC/AI_BUS/ACCELERATOR/COMPUTE_ENGINE/STREAM_CONTROLLER/B2_reg_reg[7]/C

Slack:                    inf
  Source:                 btnC
                            (input port)
  Destination:            SOC/AI_BUS/ACCELERATOR/COMPUTE_ENGINE/STREAM_CONTROLLER/B3_reg_reg[3]/CLR
                            (removal check against rising-edge clock sys_clk_pin  {rise@0.000ns fall@5.000ns period=10.000ns})
  Path Group:             (none)
  Path Type:              Removal (Min at Fast Process Corner)
  Data Path Delay:        0.644ns  (logic 0.210ns (32.526%)  route 0.435ns (67.474%))
  Logic Levels:           1  (IBUF=1)
  Clock Path Skew:        1.989ns (DCD - SCD - CPR)
    Destination Clock Delay (DCD):    1.989ns
    Source Clock Delay      (SCD):    0.000ns
    Clock Pessimism Removal (CPR):    -0.000ns

    Location             Delay type                Incr(ns)  Path(ns)    Netlist Resource(s)
  -------------------------------------------------------------------    -------------------
    U18                                               0.000     0.000 f  btnC
                         net (fo=0)                   0.000     0.000    btnC
    U18                  IBUF (Prop_ibuf_I_O)         0.210     0.210 f  btnC_IBUF_inst/O
                         net (fo=10887, routed)       0.435     0.644    SOC/AI_BUS/ACCELERATOR/COMPUTE_ENGINE/STREAM_CONTROLLER/led_OBUF[0]
    SLICE_X3Y12          FDCE                                         f  SOC/AI_BUS/ACCELERATOR/COMPUTE_ENGINE/STREAM_CONTROLLER/B3_reg_reg[3]/CLR
  -------------------------------------------------------------------    -------------------

                         (clock sys_clk_pin rise edge)
                                                      0.000     0.000 r  <hidden>
    W5                                                0.000     0.000 r  clk
                         net (fo=0)                   0.000     0.000    clk
    W5                   IBUF (Prop_ibuf_I_O)         0.414     0.414 r  clk_IBUF_inst/O
                         net (fo=1, routed)           0.685     1.099    clk_IBUF
    BUFGCTRL_X0Y0        BUFG (Prop_bufg_I_O)         0.029     1.128 r  clk_IBUF_BUFG_inst/O
                         net (fo=10886, routed)       0.862     1.989    SOC/AI_BUS/ACCELERATOR/COMPUTE_ENGINE/STREAM_CONTROLLER/clk_IBUF_BUFG
    SLICE_X3Y12          FDCE                                         r  SOC/AI_BUS/ACCELERATOR/COMPUTE_ENGINE/STREAM_CONTROLLER/B3_reg_reg[3]/C

Slack:                    inf
  Source:                 btnC
                            (input port)
  Destination:            SOC/AI_BUS/ACCELERATOR/COMPUTE_ENGINE/STREAM_CONTROLLER/B3_reg_reg[7]/CLR
                            (removal check against rising-edge clock sys_clk_pin  {rise@0.000ns fall@5.000ns period=10.000ns})
  Path Group:             (none)
  Path Type:              Removal (Min at Fast Process Corner)
  Data Path Delay:        0.644ns  (logic 0.210ns (32.526%)  route 0.435ns (67.474%))
  Logic Levels:           1  (IBUF=1)
  Clock Path Skew:        1.989ns (DCD - SCD - CPR)
    Destination Clock Delay (DCD):    1.989ns
    Source Clock Delay      (SCD):    0.000ns
    Clock Pessimism Removal (CPR):    -0.000ns

    Location             Delay type                Incr(ns)  Path(ns)    Netlist Resource(s)
  -------------------------------------------------------------------    -------------------
    U18                                               0.000     0.000 f  btnC
                         net (fo=0)                   0.000     0.000    btnC
    U18                  IBUF (Prop_ibuf_I_O)         0.210     0.210 f  btnC_IBUF_inst/O
                         net (fo=10887, routed)       0.435     0.644    SOC/AI_BUS/ACCELERATOR/COMPUTE_ENGINE/STREAM_CONTROLLER/led_OBUF[0]
    SLICE_X3Y12          FDCE                                         f  SOC/AI_BUS/ACCELERATOR/COMPUTE_ENGINE/STREAM_CONTROLLER/B3_reg_reg[7]/CLR
  -------------------------------------------------------------------    -------------------

                         (clock sys_clk_pin rise edge)
                                                      0.000     0.000 r  <hidden>
    W5                                                0.000     0.000 r  clk
                         net (fo=0)                   0.000     0.000    clk
    W5                   IBUF (Prop_ibuf_I_O)         0.414     0.414 r  clk_IBUF_inst/O
                         net (fo=1, routed)           0.685     1.099    clk_IBUF
    BUFGCTRL_X0Y0        BUFG (Prop_bufg_I_O)         0.029     1.128 r  clk_IBUF_BUFG_inst/O
                         net (fo=10886, routed)       0.862     1.989    SOC/AI_BUS/ACCELERATOR/COMPUTE_ENGINE/STREAM_CONTROLLER/clk_IBUF_BUFG
    SLICE_X3Y12          FDCE                                         r  SOC/AI_BUS/ACCELERATOR/COMPUTE_ENGINE/STREAM_CONTROLLER/B3_reg_reg[7]/C

Slack:                    inf
  Source:                 btnC
                            (input port)
  Destination:            SOC/AI_BUS/ACCELERATOR/matrix_a0_reg[15]/CLR
                            (removal check against rising-edge clock sys_clk_pin  {rise@0.000ns fall@5.000ns period=10.000ns})
  Path Group:             (none)
  Path Type:              Removal (Min at Fast Process Corner)
  Data Path Delay:        0.644ns  (logic 0.210ns (32.526%)  route 0.435ns (67.474%))
  Logic Levels:           1  (IBUF=1)
  Clock Path Skew:        1.989ns (DCD - SCD - CPR)
    Destination Clock Delay (DCD):    1.989ns
    Source Clock Delay      (SCD):    0.000ns
    Clock Pessimism Removal (CPR):    -0.000ns

    Location             Delay type                Incr(ns)  Path(ns)    Netlist Resource(s)
  -------------------------------------------------------------------    -------------------
    U18                                               0.000     0.000 f  btnC
                         net (fo=0)                   0.000     0.000    btnC
    U18                  IBUF (Prop_ibuf_I_O)         0.210     0.210 f  btnC_IBUF_inst/O
                         net (fo=10887, routed)       0.435     0.644    SOC/AI_BUS/ACCELERATOR/led_OBUF[0]
    SLICE_X2Y12          FDCE                                         f  SOC/AI_BUS/ACCELERATOR/matrix_a0_reg[15]/CLR
  -------------------------------------------------------------------    -------------------

                         (clock sys_clk_pin rise edge)
                                                      0.000     0.000 r  <hidden>
    W5                                                0.000     0.000 r  clk
                         net (fo=0)                   0.000     0.000    clk
    W5                   IBUF (Prop_ibuf_I_O)         0.414     0.414 r  clk_IBUF_inst/O
                         net (fo=1, routed)           0.685     1.099    clk_IBUF
    BUFGCTRL_X0Y0        BUFG (Prop_bufg_I_O)         0.029     1.128 r  clk_IBUF_BUFG_inst/O
                         net (fo=10886, routed)       0.862     1.989    SOC/AI_BUS/ACCELERATOR/clk_IBUF_BUFG
    SLICE_X2Y12          FDCE                                         r  SOC/AI_BUS/ACCELERATOR/matrix_a0_reg[15]/C

Slack:                    inf
  Source:                 btnC
                            (input port)
  Destination:            SOC/AI_BUS/ACCELERATOR/matrix_a0_reg[25]/CLR
                            (removal check against rising-edge clock sys_clk_pin  {rise@0.000ns fall@5.000ns period=10.000ns})
  Path Group:             (none)
  Path Type:              Removal (Min at Fast Process Corner)
  Data Path Delay:        0.644ns  (logic 0.210ns (32.526%)  route 0.435ns (67.474%))
  Logic Levels:           1  (IBUF=1)
  Clock Path Skew:        1.989ns (DCD - SCD - CPR)
    Destination Clock Delay (DCD):    1.989ns
    Source Clock Delay      (SCD):    0.000ns
    Clock Pessimism Removal (CPR):    -0.000ns

    Location             Delay type                Incr(ns)  Path(ns)    Netlist Resource(s)
  -------------------------------------------------------------------    -------------------
    U18                                               0.000     0.000 f  btnC
                         net (fo=0)                   0.000     0.000    btnC
    U18                  IBUF (Prop_ibuf_I_O)         0.210     0.210 f  btnC_IBUF_inst/O
                         net (fo=10887, routed)       0.435     0.644    SOC/AI_BUS/ACCELERATOR/led_OBUF[0]
    SLICE_X2Y12          FDCE                                         f  SOC/AI_BUS/ACCELERATOR/matrix_a0_reg[25]/CLR
  -------------------------------------------------------------------    -------------------

                         (clock sys_clk_pin rise edge)
                                                      0.000     0.000 r  <hidden>
    W5                                                0.000     0.000 r  clk
                         net (fo=0)                   0.000     0.000    clk
    W5                   IBUF (Prop_ibuf_I_O)         0.414     0.414 r  clk_IBUF_inst/O
                         net (fo=1, routed)           0.685     1.099    clk_IBUF
    BUFGCTRL_X0Y0        BUFG (Prop_bufg_I_O)         0.029     1.128 r  clk_IBUF_BUFG_inst/O
                         net (fo=10886, routed)       0.862     1.989    SOC/AI_BUS/ACCELERATOR/clk_IBUF_BUFG
    SLICE_X2Y12          FDCE                                         r  SOC/AI_BUS/ACCELERATOR/matrix_a0_reg[25]/C

Slack:                    inf
  Source:                 btnC
                            (input port)
  Destination:            SOC/AI_BUS/ACCELERATOR/matrix_a0_reg[3]/CLR
                            (removal check against rising-edge clock sys_clk_pin  {rise@0.000ns fall@5.000ns period=10.000ns})
  Path Group:             (none)
  Path Type:              Removal (Min at Fast Process Corner)
  Data Path Delay:        0.644ns  (logic 0.210ns (32.526%)  route 0.435ns (67.474%))
  Logic Levels:           1  (IBUF=1)
  Clock Path Skew:        1.989ns (DCD - SCD - CPR)
    Destination Clock Delay (DCD):    1.989ns
    Source Clock Delay      (SCD):    0.000ns
    Clock Pessimism Removal (CPR):    -0.000ns

    Location             Delay type                Incr(ns)  Path(ns)    Netlist Resource(s)
  -------------------------------------------------------------------    -------------------
    U18                                               0.000     0.000 f  btnC
                         net (fo=0)                   0.000     0.000    btnC
    U18                  IBUF (Prop_ibuf_I_O)         0.210     0.210 f  btnC_IBUF_inst/O
                         net (fo=10887, routed)       0.435     0.644    SOC/AI_BUS/ACCELERATOR/led_OBUF[0]
    SLICE_X2Y12          FDCE                                         f  SOC/AI_BUS/ACCELERATOR/matrix_a0_reg[3]/CLR
  -------------------------------------------------------------------    -------------------

                         (clock sys_clk_pin rise edge)
                                                      0.000     0.000 r  <hidden>
    W5                                                0.000     0.000 r  clk
                         net (fo=0)                   0.000     0.000    clk
    W5                   IBUF (Prop_ibuf_I_O)         0.414     0.414 r  clk_IBUF_inst/O
                         net (fo=1, routed)           0.685     1.099    clk_IBUF
    BUFGCTRL_X0Y0        BUFG (Prop_bufg_I_O)         0.029     1.128 r  clk_IBUF_BUFG_inst/O
                         net (fo=10886, routed)       0.862     1.989    SOC/AI_BUS/ACCELERATOR/clk_IBUF_BUFG
    SLICE_X2Y12          FDCE                                         r  SOC/AI_BUS/ACCELERATOR/matrix_a0_reg[3]/C

Slack:                    inf
  Source:                 btnC
                            (input port)
  Destination:            SOC/AI_BUS/ACCELERATOR/matrix_a0_reg[6]/CLR
                            (removal check against rising-edge clock sys_clk_pin  {rise@0.000ns fall@5.000ns period=10.000ns})
  Path Group:             (none)
  Path Type:              Removal (Min at Fast Process Corner)
  Data Path Delay:        0.644ns  (logic 0.210ns (32.526%)  route 0.435ns (67.474%))
  Logic Levels:           1  (IBUF=1)
  Clock Path Skew:        1.989ns (DCD - SCD - CPR)
    Destination Clock Delay (DCD):    1.989ns
    Source Clock Delay      (SCD):    0.000ns
    Clock Pessimism Removal (CPR):    -0.000ns

    Location             Delay type                Incr(ns)  Path(ns)    Netlist Resource(s)
  -------------------------------------------------------------------    -------------------
    U18                                               0.000     0.000 f  btnC
                         net (fo=0)                   0.000     0.000    btnC
    U18                  IBUF (Prop_ibuf_I_O)         0.210     0.210 f  btnC_IBUF_inst/O
                         net (fo=10887, routed)       0.435     0.644    SOC/AI_BUS/ACCELERATOR/led_OBUF[0]
    SLICE_X2Y12          FDCE                                         f  SOC/AI_BUS/ACCELERATOR/matrix_a0_reg[6]/CLR
  -------------------------------------------------------------------    -------------------

                         (clock sys_clk_pin rise edge)
                                                      0.000     0.000 r  <hidden>
    W5                                                0.000     0.000 r  clk
                         net (fo=0)                   0.000     0.000    clk
    W5                   IBUF (Prop_ibuf_I_O)         0.414     0.414 r  clk_IBUF_inst/O
                         net (fo=1, routed)           0.685     1.099    clk_IBUF
    BUFGCTRL_X0Y0        BUFG (Prop_bufg_I_O)         0.029     1.128 r  clk_IBUF_BUFG_inst/O
                         net (fo=10886, routed)       0.862     1.989    SOC/AI_BUS/ACCELERATOR/clk_IBUF_BUFG
    SLICE_X2Y12          FDCE                                         r  SOC/AI_BUS/ACCELERATOR/matrix_a0_reg[6]/C

Slack:                    inf
  Source:                 btnC
                            (input port)
  Destination:            SOC/AI_BUS/ACCELERATOR/matrix_b2_reg[7]/CLR
                            (removal check against rising-edge clock sys_clk_pin  {rise@0.000ns fall@5.000ns period=10.000ns})
  Path Group:             (none)
  Path Type:              Removal (Min at Fast Process Corner)
  Data Path Delay:        0.679ns  (logic 0.210ns (30.855%)  route 0.470ns (69.145%))
  Logic Levels:           1  (IBUF=1)
  Clock Path Skew:        1.989ns (DCD - SCD - CPR)
    Destination Clock Delay (DCD):    1.989ns
    Source Clock Delay      (SCD):    0.000ns
    Clock Pessimism Removal (CPR):    -0.000ns

    Location             Delay type                Incr(ns)  Path(ns)    Netlist Resource(s)
  -------------------------------------------------------------------    -------------------
    U18                                               0.000     0.000 f  btnC
                         net (fo=0)                   0.000     0.000    btnC
    U18                  IBUF (Prop_ibuf_I_O)         0.210     0.210 f  btnC_IBUF_inst/O
                         net (fo=10887, routed)       0.470     0.679    SOC/AI_BUS/ACCELERATOR/led_OBUF[0]
    SLICE_X1Y12          FDCE                                         f  SOC/AI_BUS/ACCELERATOR/matrix_b2_reg[7]/CLR
  -------------------------------------------------------------------    -------------------

                         (clock sys_clk_pin rise edge)
                                                      0.000     0.000 r  <hidden>
    W5                                                0.000     0.000 r  clk
                         net (fo=0)                   0.000     0.000    clk
    W5                   IBUF (Prop_ibuf_I_O)         0.414     0.414 r  clk_IBUF_inst/O
                         net (fo=1, routed)           0.685     1.099    clk_IBUF
    BUFGCTRL_X0Y0        BUFG (Prop_bufg_I_O)         0.029     1.128 r  clk_IBUF_BUFG_inst/O
                         net (fo=10886, routed)       0.862     1.989    SOC/AI_BUS/ACCELERATOR/clk_IBUF_BUFG
    SLICE_X1Y12          FDCE                                         r  SOC/AI_BUS/ACCELERATOR/matrix_b2_reg[7]/C





